slick_id,s1_timestamp,s2_image_id,s2_timestamp,desfase_horas,nubes_pct,machine_confidence,area_km2,lon,lat,slick_url,n_candidatas_s2
3116772,2023-06-30 02:31:53+00:00,COPERNICUS/S2_SR_HARMONIZED/20230630T065629_20230630T070454_T39RXK,2023-06-30 07:12:23.138000+00:00,4.68,0.0,0.9999,13.08,52.67372298744832,26.881103625351397,https://cerulean.skytruth.org/slicks/3116772?ref=api&slick_id=3116772,1
3116767,2023-06-30 02:31:53+00:00,COPERNICUS/S2_SR_HARMONIZED/20230630T065629_20230630T070454_T39RXK,2023-06-30 07:12:23.138000+00:00,4.68,0.0,0.9999,32.26,52.31792248075349,27.01264890015629,https://cerulean.skytruth.org/slicks/3116767?ref=api&slick_id=3116767,2
3077920,2023-10-21 02:40:00+00:00,COPERNICUS/S2_SR_HARMONIZED/20231021T070929_20231021T071122_T39RVL,2023-10-21 07:22:07.757000+00:00,4.7,3.06,0.9974,28.41,50.66806371870018,27.693866857421465,https://cerulean.skytruth.org/slicks/3077920?ref=api&slick_id=3077920,1
3153144,2023-06-23 02:39:55+00:00,COPERNICUS/S2_SR_HARMONIZED/20230623T070629_20230623T071308_T39RVK,2023-06-23 07:22:24.242000+00:00,4.71,2.07,0.9984,18.12,50.49200694296845,26.43725394138247,https://cerulean.skytruth.org/slicks/3153144?ref=api&slick_id=3153144,1
3611578,2024-04-18 02:39:32+00:00,COPERNICUS/S2_SR_HARMONIZED/20240418T070619_20240418T071804_T39RVM,2024-04-18 07:21:52.388000+00:00,4.71,0.07,0.9951,26.45,50.4571052408313,28.13518907210436,https://cerulean.skytruth.org/slicks/3611578?ref=api&slick_id=3611578,1
5016249,2026-06-14 02:38:41+00:00,COPERNICUS/S2_SR_HARMONIZED/20260614T071321_20260614T071319_T39RVM,2026-06-14 07:22:06.842000+00:00,4.72,0.05,0.9979,122.81,50.10429448341704,28.26435588937969,https://cerulean.skytruth.org/slicks/5016249?ref=api&slick_id=5016249,2
4984221,2026-06-02 02:39:05+00:00,COPERNICUS/S2_SR_HARMONIZED/20260602T070621_20260602T071658_T39RVK,2026-06-02 07:22:18.346000+00:00,4.72,0.12,0.9989,11.73,50.49715564514252,26.420921197994524,https://cerulean.skytruth.org/slicks/4984221?ref=api&slick_id=4984221,1
5016309,2026-06-14 02:38:12+00:00,COPERNICUS/S2_SR_HARMONIZED/20260614T071321_20260614T071319_T39RVM,2026-06-14 07:22:06.842000+00:00,4.73,0.05,0.9994,40.38,50.58352789180189,28.75584545630068,https://cerulean.skytruth.org/slicks/5016309?ref=api&slick_id=5016309,1
3122992,2023-06-16 02:47:47+00:00,COPERNICUS/S2_SR_HARMONIZED/20230616T071619_20230616T072136_T39RTM,2023-06-16 07:31:59.176000+00:00,4.74,0.03,0.9966,21.53,48.83358457287528,28.051058496085155,https://cerulean.skytruth.org/slicks/3122992?ref=api&slick_id=3122992,2
5070995,2026-07-07 02:46:09+00:00,COPERNICUS/S2_SR_HARMONIZED/20260707T072321_20260707T073114_T39RUN,2026-07-07 07:31:51.740000+00:00,4.76,0.0,0.9963,14.43,48.96204568058538,29.46734953485841,https://cerulean.skytruth.org/slicks/5070995?ref=api&slick_id=5070995,2
3057360,2024-06-26 02:15:52+00:00,COPERNICUS/S2_SR_HARMONIZED/20240626T064631_20240626T065632_T40RBP,2024-06-26 07:02:33.034000+00:00,4.78,0.01,0.9983,13.64,54.525041763905314,25.39208927101349,https://cerulean.skytruth.org/slicks/3057360?ref=api&slick_id=3057360,2
3019411,2024-08-25 02:15:26+00:00,COPERNICUS/S2_SR_HARMONIZED/20240825T064621_20240825T065442_T40RBP,2024-08-25 07:02:27.626000+00:00,4.78,0.01,0.9977,40.27,54.6704367066075,25.84646940141695,https://cerulean.skytruth.org/slicks/3019411?ref=api&slick_id=3019411,2
3915748,2025-04-22 02:15:21+00:00,COPERNICUS/S2_SR_HARMONIZED/20250422T064651_20250422T070148_T40RDP,2025-04-22 07:02:45.014000+00:00,4.79,0.11,0.9978,18.77,56.43798580315234,25.56062134541184,https://cerulean.skytruth.org/slicks/3915748?ref=api&slick_id=3915748,1
3845025,2025-02-21 02:15:45+00:00,COPERNICUS/S2_SR_HARMONIZED/20250221T064931_20250221T070241_T39RZH,2025-02-21 07:03:07.339000+00:00,4.79,8.56,0.9992,17.84,54.5099448438712,24.993858363748696,https://cerulean.skytruth.org/slicks/3845025?ref=api&slick_id=3845025,2
4333279,2025-08-20 02:15:17+00:00,COPERNICUS/S2_SR_HARMONIZED/20250820T064751_20250820T065636_T40RBP,2025-08-20 07:02:49.395000+00:00,4.79,9.92,0.9981,8.09,54.69162823600143,25.81117877371207,https://cerulean.skytruth.org/slicks/4333279?ref=api&slick_id=4333279,2
5006710,2026-06-09 02:23:42+00:00,COPERNICUS/S2_SR_HARMONIZED/20260609T065621_20260609T070730_T39RXJ,2026-06-09 07:12:31.943000+00:00,4.81,0.0,0.9994,9.69,52.51784849107511,25.911937735208017,https://cerulean.skytruth.org/slicks/5006710?ref=api&slick_id=5006710,1
3610741,2024-06-19 02:24:02+00:00,COPERNICUS/S2_SR_HARMONIZED/20240619T065631_20240619T071054_T40RBP,2024-06-19 07:12:30.927000+00:00,4.81,3.99,0.9961,27.11,54.36134264227586,25.46931438022831,https://cerulean.skytruth.org/slicks/3610741?ref=api&slick_id=3610741,2
4830535,2026-04-10 02:23:19+00:00,COPERNICUS/S2_SR_HARMONIZED/20260410T065731_20260410T070834_T39RXK,2026-04-10 07:12:15.334000+00:00,4.82,0.0,0.9972,10.82,52.67291570569107,26.668929547464423,https://cerulean.skytruth.org/slicks/4830535?ref=api&slick_id=4830535,1
4384086,2025-09-12 02:22:47+00:00,COPERNICUS/S2_SR_HARMONIZED/20250912T065631_20250912T070608_T39RXJ,2025-09-12 07:12:46.479000+00:00,4.83,5.95,0.9996,18.25,52.77413556612756,25.901820450463628,https://cerulean.skytruth.org/slicks/4384086?ref=api&slick_id=4384086,1
3343007,2024-06-12 02:31:29+00:00,COPERNICUS/S2_SR_HARMONIZED/20240612T070631_20240612T071821_T39RVM,2024-06-12 07:21:57.464000+00:00,4.84,0.02,0.9961,12.08,50.89780719709036,28.50093987729909,https://cerulean.skytruth.org/slicks/3343007?ref=api&slick_id=3343007,1
5016385,2026-06-14 02:31:09+00:00,COPERNICUS/S2_SR_HARMONIZED/20260614T071321_20260614T071319_T39RVM,2026-06-14 07:22:06.842000+00:00,4.85,0.05,0.9983,27.46,50.60345286198861,28.72945989915231,https://cerulean.skytruth.org/slicks/5016385?ref=api&slick_id=5016385,1
4434525,2025-10-05 02:31:20+00:00,COPERNICUS/S2_SR_HARMONIZED/20251005T070801_20251005T071739_T39RXL,2025-10-05 07:22:13.765000+00:00,4.85,0.01,0.9998,27.22,52.46318800904406,27.34370018413208,https://cerulean.skytruth.org/slicks/4434525?ref=api&slick_id=4434525,2
5046905,2026-06-27 02:30:30+00:00,COPERNICUS/S2_SR_HARMONIZED/20260627T070619_20260627T071859_T39RWL,2026-06-27 07:22:00.558000+00:00,4.86,1.84,0.9995,26.47,51.25768612684337,27.425112952434844,https://cerulean.skytruth.org/slicks/5046905?ref=api&slick_id=5046905,1
3165526,2023-10-09 02:39:35+00:00,COPERNICUS/S2_SR_HARMONIZED/20231009T071811_20231009T072130_T39RVM,2023-10-09 07:31:46.347000+00:00,4.87,0.0,0.9998,20.65,50.40159546303551,28.675905326859688,https://cerulean.skytruth.org/slicks/3165526?ref=api&slick_id=3165526,1
4468765,2025-10-23 02:30:02+00:00,COPERNICUS/S2_SR_HARMONIZED/20251023T071849_20251023T072359_T39RVM,2025-10-23 07:31:46.795000+00:00,5.03,0.0,0.9992,25.39,50.69945598406143,28.07149821447702,https://cerulean.skytruth.org/slicks/4468765?ref=api&slick_id=4468765,2
4823718,2026-04-06 14:41:25+00:00,COPERNICUS/S2_SR_HARMONIZED/20260406T071621_20260406T072933_T39RUN,2026-04-06 07:31:35.164000+00:00,7.16,0.0,0.996,10.15,50.131971389938656,28.870414237742025,https://cerulean.skytruth.org/slicks/4823718?ref=api&slick_id=4823718,4
4995070,2026-06-05 14:41:28+00:00,COPERNICUS/S2_SR_HARMONIZED/20260605T071621_20260605T072951_T39RUM,2026-06-05 07:31:49.442000+00:00,7.16,0.01,0.9976,42.91,50.1092531754276,28.84969667197625,https://cerulean.skytruth.org/slicks/4995070?ref=api&slick_id=4995070,4
5056698,2026-06-30 14:41:44+00:00,COPERNICUS/S2_SR_HARMONIZED/20260630T071619_20260630T072911_T39RUM,2026-06-30 07:31:48.220000+00:00,7.17,1.33,0.998,21.36,50.157206533933945,28.63180983743241,https://cerulean.skytruth.org/slicks/5056698?ref=api&slick_id=5056698,1
4375789,2025-09-08 14:42:13+00:00,COPERNICUS/S2_SR_HARMONIZED/20250908T071631_20250908T073153_T39RVM,2025-09-08 07:32:03.780000+00:00,7.17,0.0,0.9996,10.75,50.20127295120175,28.54017395708117,https://cerulean.skytruth.org/slicks/4375789?ref=api&slick_id=4375789,1
5056691,2026-06-30 14:41:44+00:00,COPERNICUS/S2_SR_HARMONIZED/20260630T071619_20260630T072911_T39RUN,2026-06-30 07:31:33.877000+00:00,7.17,0.02,0.9987,15.93,49.98915403541277,28.83941916857557,https://cerulean.skytruth.org/slicks/5056691?ref=api&slick_id=5056691,3
5056699,2026-06-30 14:41:44+00:00,COPERNICUS/S2_SR_HARMONIZED/20260630T071619_20260630T072911_T39RUM,2026-06-30 07:31:48.220000+00:00,7.17,1.33,0.9986,8.38,50.02218194777368,28.63015340931792,https://cerulean.skytruth.org/slicks/5056699?ref=api&slick_id=5056699,1
5056692,2026-06-30 14:41:44+00:00,COPERNICUS/S2_SR_HARMONIZED/20260630T071619_20260630T072911_T39RVN,2026-06-30 07:31:29.777000+00:00,7.17,8.87,0.9971,17.4,50.41982257742739,28.89764167409265,https://cerulean.skytruth.org/slicks/5056692?ref=api&slick_id=5056692,1
5135776,2026-08-06 14:32:27+00:00,COPERNICUS/S2_SR_HARMONIZED/20260806T070619_20260806T071854_T39RXK,2026-08-06 07:22:12.922000+00:00,7.17,6.76,0.997,18.35,52.733792318584605,26.727055076682436,https://cerulean.skytruth.org/slicks/5135776?ref=api&slick_id=5135776,1
3610107,2024-09-13 14:42:22+00:00,COPERNICUS/S2_SR_HARMONIZED/20240913T071621_20240913T072053_T39RUM,2024-09-13 07:31:48.694000+00:00,7.18,0.0,0.9992,8.35,50.00529927876031,28.345515035456664,https://cerulean.skytruth.org/slicks/3610107?ref=api&slick_id=3610107,2
4764601,2026-03-07 14:42:29+00:00,COPERNICUS/S2_SR_HARMONIZED/20260307T071751_20260307T073120_T39RUN,2026-03-07 07:31:37.331000+00:00,7.18,0.0,0.9971,71.76,50.07311284834622,28.874658870597745,https://cerulean.skytruth.org/slicks/4764601?ref=api&slick_id=4764601,4
5135788,2026-08-06 14:32:52+00:00,COPERNICUS/S2_SR_HARMONIZED/20260806T070619_20260806T071854_T39RWL,2026-08-06 07:22:02.208000+00:00,7.18,6.63,0.9962,13.54,52.05560740601758,27.326907615016346,https://cerulean.skytruth.org/slicks/5135788?ref=api&slick_id=5135788,1
3610111,2024-09-13 14:42:22+00:00,COPERNICUS/S2_SR_HARMONIZED/20240913T071621_20240913T072053_T39RUM,2024-09-13 07:31:48.694000+00:00,7.18,0.0,0.9989,11.47,49.83834342691835,28.55355326370259,https://cerulean.skytruth.org/slicks/3610111?ref=api&slick_id=3610111,1
3488503,2024-03-17 14:42:47+00:00,COPERNICUS/S2_SR_HARMONIZED/20240317T071631_20240317T072135_T39RUP,2024-03-17 07:31:22.247000+00:00,7.19,1.28,0.9958,32.22,49.02460455126212,29.667650120197347,https://cerulean.skytruth.org/slicks/3488503?ref=api&slick_id=3488503,2
3234751,2023-11-18 14:42:51+00:00,COPERNICUS/S2_SR_HARMONIZED/20231118T072201_20231118T072158_T39RVN,2023-11-18 07:31:29.987000+00:00,7.19,12.03,0.9992,18.78,50.02625316396544,28.979137065901263,https://cerulean.skytruth.org/slicks/3234751?ref=api&slick_id=3234751,1
3093738,2023-09-26 14:33:52+00:00,COPERNICUS/S2_SR_HARMONIZED/20230926T070641_20230926T071120_T39RWL,2023-09-26 07:22:04.921000+00:00,7.2,0.17,0.9996,13.62,51.519701001008585,27.209170152837267,https://cerulean.skytruth.org/slicks/3093738?ref=api&slick_id=3093738,1
3952815,2025-05-25 14:25:31+00:00,COPERNICUS/S2_SR_HARMONIZED/20250525T065641_20250525T070954_T39RYJ,2025-05-25 07:12:48.970000+00:00,7.21,0.0,0.9951,27.34,53.90291985414078,26.05783909268958,https://cerulean.skytruth.org/slicks/3952815?ref=api&slick_id=3952815,2
3612808,2023-10-03 14:25:17+00:00,COPERNICUS/S2_SR_HARMONIZED/20231003T065721_20231003T065849_T39RYJ,2023-10-03 07:12:31.317000+00:00,7.21,0.0,0.9984,11.51,53.91865748793102,25.2403126217745,https://cerulean.skytruth.org/slicks/3612808?ref=api&slick_id=3612808,4
3892866,2025-04-02 14:17:20+00:00,COPERNICUS/S2_SR_HARMONIZED/20250402T064651_20250402T070141_T40RDQ,2025-04-02 07:02:31.755000+00:00,7.25,0.01,0.9952,9.58,56.28896182152803,26.51752854959776,https://cerulean.skytruth.org/slicks/3892866?ref=api&slick_id=3892866,1
4923892,2026-05-13 14:41:36+00:00,COPERNICUS/S2_SR_HARMONIZED/20260513T070621_20260513T071634_T39RVM,2026-05-13 07:21:51.315000+00:00,7.33,0.06,0.9985,109.11,50.54936684742607,28.796897286265686,https://cerulean.skytruth.org/slicks/4923892?ref=api&slick_id=4923892,2
3162162,2023-06-03 14:41:55+00:00,COPERNICUS/S2_SR_HARMONIZED/20230603T070629_20230603T071807_T39RWK,2023-06-03 07:22:21.094000+00:00,7.33,0.24,0.9952,25.15,51.78451763713902,27.00516682646525,https://cerulean.skytruth.org/slicks/3162162?ref=api&slick_id=3162162,2
5096762,2026-07-19 14:32:48+00:00,COPERNICUS/S2_SR_HARMONIZED/20260719T065621_20260719T070743_T39RYK,2026-07-19 07:12:16.322000+00:00,7.34,0.73,0.9997,24.7,53.89902360448664,26.310283164995035,https://cerulean.skytruth.org/slicks/5096762?ref=api&slick_id=5096762,1
3609551,2024-10-02 14:33:23+00:00,COPERNICUS/S2_SR_HARMONIZED/20241002T065629_20241002T071213_T39RYJ,2024-10-02 07:12:30.729000+00:00,7.35,0.0,0.9973,13.66,53.90709649493284,25.24192660775412,https://cerulean.skytruth.org/slicks/3609551?ref=api&slick_id=3609551,4
4891764,2026-05-02 14:23:48+00:00,COPERNICUS/S2_SR_HARMONIZED/20260502T064619_20260502T065753_T39RZJ,2026-05-02 07:02:27.114000+00:00,7.36,0.01,0.9984,21.39,54.940480104430286,25.34850895079048,https://cerulean.skytruth.org/slicks/4891764?ref=api&slick_id=4891764,5
4983084,2026-06-01 14:24:54+00:00,COPERNICUS/S2_SR_HARMONIZED/20260601T064619_20260601T070012_T40RBP,2026-06-01 07:02:25.428000+00:00,7.37,0.03,0.9966,9.34,55.1479933248615,25.91728883370621,https://cerulean.skytruth.org/slicks/4983084?ref=api&slick_id=4983084,3
3928112,2025-05-01 14:25:07+00:00,COPERNICUS/S2_SR_HARMONIZED/20250502T064651_20250502T070148_T40RBN,2025-05-02 07:03:06.227000+00:00,16.63,0.38,0.997,19.27,54.29386993396735,24.87557764006056,https://cerulean.skytruth.org/slicks/3928112?ref=api&slick_id=3928112,4
3018010,2024-08-27 14:33:47+00:00,COPERNICUS/S2_SR_HARMONIZED/20240828T065621_20240828T070519_T39RXK,2024-08-28 07:12:16.251000+00:00,16.64,0.11,0.9951,28.06,52.89143577826003,26.31235663715152,https://cerulean.skytruth.org/slicks/3018010?ref=api&slick_id=3018010,1
3613515,2023-11-01 14:33:26+00:00,COPERNICUS/S2_SR_HARMONIZED/20231102T070031_20231102T070545_T39RYJ,2023-11-02 07:12:28.250000+00:00,16.65,0.0,0.9964,13.58,53.903797664694416,25.25053436549721,https://cerulean.skytruth.org/slicks/3613515?ref=api&slick_id=3613515,4
4516399,2025-11-13 14:41:27+00:00,COPERNICUS/S2_SR_HARMONIZED/20251114T071151_20251114T072123_T39RVN,2025-11-14 07:21:45.947000+00:00,16.67,0.58,0.9986,35.28,50.483360319887325,29.061048007934843,https://cerulean.skytruth.org/slicks/4516399?ref=api&slick_id=4516399,1
4349570,2025-08-27 14:41:47+00:00,COPERNICUS/S2_SR_HARMONIZED/20250828T071321_20250828T071343_T39RVK,2025-08-28 07:22:34.898000+00:00,16.68,1.1,0.9955,22.37,50.48839742402578,26.433801943589355,https://cerulean.skytruth.org/slicks/4349570?ref=api&slick_id=4349570,1
5011170,2026-06-11 14:41:12+00:00,COPERNICUS/S2_SR_HARMONIZED/20260612T070621_20260612T071742_T39RWJ,2026-06-12 07:22:31.192000+00:00,16.69,3.91,0.9951,12.23,51.7519132808202,25.573845761854543,https://cerulean.skytruth.org/slicks/5011170?ref=api&slick_id=5011170,1
4957522,2026-05-24 14:41:02+00:00,COPERNICUS/S2_SR_HARMONIZED/20260525T071321_20260525T071320_T39RVL,2026-05-25 07:22:22.249000+00:00,16.69,0.0,0.9992,9.5,50.51239562035934,27.97132418753208,https://cerulean.skytruth.org/slicks/4957522?ref=api&slick_id=4957522,4
3721739,2023-03-08 14:16:55+00:00,COPERNICUS/S2_SR_HARMONIZED/20230309T064719_20230309T070114_T40RDP,2023-03-09 07:02:27.219000+00:00,16.76,5.36,0.9984,28.45,56.60177958680703,26.035113741858773,https://cerulean.skytruth.org/slicks/3721739?ref=api&slick_id=3721739,1
4178384,2025-06-18 14:25:29+00:00,COPERNICUS/S2_SR_HARMONIZED/20250619T065619_20250619T070615_T39RYK,2025-06-19 07:12:15.343000+00:00,16.78,0.16,0.9964,11.6,53.78212334833985,26.507624822268596,https://cerulean.skytruth.org/slicks/4178384?ref=api&slick_id=4178384,1
3536548,2024-10-21 14:25:13+00:00,COPERNICUS/S2_SR_HARMONIZED/20241022T065839_20241022T070503_T39RZJ,2024-10-22 07:12:26.964000+00:00,16.79,3.69,0.9985,13.98,54.739178510556094,25.965054169009527,https://cerulean.skytruth.org/slicks/3536548?ref=api&slick_id=3536548,2
4779723,2026-03-15 14:23:46+00:00,COPERNICUS/S2_SR_HARMONIZED/20260316T065619_20260316T070840_T39RZH,2026-03-16 07:12:37.131000+00:00,16.81,0.13,0.9962,8.18,54.65782143055221,25.090328050690644,https://cerulean.skytruth.org/slicks/4779723?ref=api&slick_id=4779723,2
5138493,2026-08-07 14:24:14+00:00,COPERNICUS/S2_SR_HARMONIZED/20260808T065621_20260808T070731_T39RYH,2026-08-08 07:12:44.127000+00:00,16.81,11.85,0.9992,13.12,53.91342457338862,25.183815714697445,https://cerulean.skytruth.org/slicks/5138493?ref=api&slick_id=5138493,2
4490502,2025-11-01 14:41:53+00:00,COPERNICUS/S2_SR_HARMONIZED/20251102T071949_20251102T072129_T39RTP,2025-11-02 07:31:22.804000+00:00,16.82,5.0,0.9983,9.53,48.90032938600458,29.94064455090301,https://cerulean.skytruth.org/slicks/4490502?ref=api&slick_id=4490502,2
4296903,2025-08-03 14:42:37+00:00,COPERNICUS/S2_SR_HARMONIZED/20250804T071619_20250804T072132_T39RUN,2025-08-04 07:31:37.270000+00:00,16.82,0.0,0.9985,16.54,49.60491818942881,28.77905293856863,https://cerulean.skytruth.org/slicks/4296903?ref=api&slick_id=4296903,2
5107989,2026-07-24 14:41:45+00:00,COPERNICUS/S2_SR_HARMONIZED/20260725T071621_20260725T072954_T39RUN,2026-07-25 07:31:38.054000+00:00,16.83,0.0,0.9987,25.65,50.00162131924191,29.10829475062025,https://cerulean.skytruth.org/slicks/5107989?ref=api&slick_id=5107989,2
4362269,2025-09-02 14:41:27+00:00,COPERNICUS/S2_SR_HARMONIZED/20250903T071619_20250903T072837_T39RVN,2025-09-03 07:31:31.915000+00:00,16.83,0.89,0.9955,13.53,50.17710926157721,29.28493924171681,https://cerulean.skytruth.org/slicks/4362269?ref=api&slick_id=4362269,1
4885905,2026-04-30 14:41:26+00:00,COPERNICUS/S2_SR_HARMONIZED/20260501T071619_20260501T072848_T39RUM,2026-05-01 07:31:47.532000+00:00,16.84,1.17,0.9984,50.46,50.0641995107369,28.687566555907807,https://cerulean.skytruth.org/slicks/4885905?ref=api&slick_id=4885905,2
3577853,2024-11-29 14:51:03+00:00,COPERNICUS/S2_SR_HARMONIZED/20241130T073159_20241130T073159_T39RTN,2024-11-30 07:41:37.131000+00:00,16.84,0.13,0.9972,20.3,48.65710144962519,29.78669038045058,https://cerulean.skytruth.org/slicks/3577853?ref=api&slick_id=3577853,2
4885900,2026-04-30 14:41:26+00:00,COPERNICUS/S2_SR_HARMONIZED/20260501T071619_20260501T072848_T39RUM,2026-05-01 07:31:47.532000+00:00,16.84,1.17,0.9994,16.78,49.48834934283287,28.74217506423445,https://cerulean.skytruth.org/slicks/4885900?ref=api&slick_id=4885900,1
4354841,2025-08-30 02:31:19+00:00,COPERNICUS/S2_SR_HARMONIZED/20250829T071641_20250829T072906_T39RVM,2025-08-29 07:32:05.795000+00:00,18.99,0.01,0.9989,20.96,50.69004229297952,28.28653388604221,https://cerulean.skytruth.org/slicks/4354841?ref=api&slick_id=4354841,3
5136999,2026-08-07 02:38:02+00:00,COPERNICUS/S2_SR_HARMONIZED/20260806T072321_20260806T072645_T39RUM,2026-08-06 07:32:07.958000+00:00,19.1,5.48,0.9967,14.32,49.5951691840652,28.856727375178306,https://cerulean.skytruth.org/slicks/5136999?ref=api&slick_id=5136999,1
5110917,2026-07-26 02:38:01+00:00,COPERNICUS/S2_SR_HARMONIZED/20260725T071621_20260725T072954_T39RUN,2026-07-25 07:31:38.054000+00:00,19.11,0.0,0.9962,13.29,49.36334026722427,29.497060389239586,https://cerulean.skytruth.org/slicks/5110917?ref=api&slick_id=5110917,1
5042737,2026-06-26 02:38:30+00:00,COPERNICUS/S2_SR_HARMONIZED/20260625T071621_20260625T072956_T39RUN,2026-06-25 07:31:35.731000+00:00,19.12,0.06,0.995,16.14,49.9789973992788,28.81793764914496,https://cerulean.skytruth.org/slicks/5042737?ref=api&slick_id=5042737,2
3926846,2023-03-19 02:39:25+00:00,COPERNICUS/S2_SR_HARMONIZED/20230318T071629_20230318T072629_T39RVM,2023-03-18 07:31:50.563000+00:00,19.13,0.09,0.9952,71.71,50.18695868028714,28.5141710797089,https://cerulean.skytruth.org/slicks/3926846?ref=api&slick_id=3926846,2
3610190,2024-07-11 02:39:30+00:00,COPERNICUS/S2_SR_HARMONIZED/20240710T071619_20240710T073012_T39RTN,2024-07-10 07:31:42.185000+00:00,19.13,0.09,0.9957,10.03,48.955417925083744,29.39553518956159,https://cerulean.skytruth.org/slicks/3610190?ref=api&slick_id=3610190,2
3628783,2023-05-18 02:39:28+00:00,COPERNICUS/S2_SR_HARMONIZED/20230517T071619_20230517T072136_T39RUN,2023-05-17 07:31:40.994000+00:00,19.13,0.0,0.9961,9.71,49.8625079554628,29.06652002871628,https://cerulean.skytruth.org/slicks/3628783?ref=api&slick_id=3628783,1
5126104,2026-08-02 02:30:03+00:00,COPERNICUS/S2_SR_HARMONIZED/20260801T070621_20260801T070940_T39RVL,2026-08-01 07:21:59.011000+00:00,19.13,8.09,0.9995,13.0,50.76493743923728,28.00957132939204,https://cerulean.skytruth.org/slicks/5126104?ref=api&slick_id=5126104,3
5126054,2026-08-02 02:30:32+00:00,COPERNICUS/S2_SR_HARMONIZED/20260801T070621_20260801T070940_T39RVL,2026-08-01 07:21:59.011000+00:00,19.14,8.09,0.9985,9.8,50.86941580206966,27.91721913314944,https://cerulean.skytruth.org/slicks/5126054?ref=api&slick_id=5126054,3
3112684,2023-07-24 02:31:30+00:00,COPERNICUS/S2_SR_HARMONIZED/20230723T070629_20230723T071809_T39RWM,2023-07-23 07:21:54.037000+00:00,19.16,14.81,0.9978,54.0,50.96169035373383,27.975490602858795,https://cerulean.skytruth.org/slicks/3112684?ref=api&slick_id=3112684,1
3140398,2023-09-29 02:23:41+00:00,COPERNICUS/S2_SR_HARMONIZED/20230928T065649_20230928T070545_T39RYJ,2023-09-28 07:12:32.334000+00:00,19.19,0.02,0.9996,14.11,53.61979122161816,26.22599046983169,https://cerulean.skytruth.org/slicks/3140398?ref=api&slick_id=3140398,2
3270322,2023-07-31 02:23:38+00:00,COPERNICUS/S2_SR_HARMONIZED/20230730T065629_20230730T070425_T39RXK,2023-07-30 07:12:23.445000+00:00,19.19,0.91,0.9967,23.69,53.09448378211999,26.59660582144645,https://cerulean.skytruth.org/slicks/3270322?ref=api&slick_id=3270322,2
4346775,2025-08-26 02:14:07+00:00,COPERNICUS/S2_SR_HARMONIZED/20250825T064629_20250825T065240_T40RCQ,2025-08-25 07:02:14.056000+00:00,19.2,19.51,0.9997,10.84,55.951430332750135,26.386130504664425,https://cerulean.skytruth.org/slicks/4346775?ref=api&slick_id=4346775,2
4346785,2025-08-26 02:14:07+00:00,COPERNICUS/S2_SR_HARMONIZED/20250825T064629_20250825T065240_T40RBQ,2025-08-25 07:02:17.637000+00:00,19.2,11.27,0.9998,9.99,54.6487159012531,26.36146225784659,https://cerulean.skytruth.org/slicks/4346785?ref=api&slick_id=4346785,1
4413436,2025-09-25 02:15:18+00:00,COPERNICUS/S2_SR_HARMONIZED/20250924T064629_20250924T065640_T39RZJ,2025-09-24 07:02:29.813000+00:00,19.21,0.02,0.9955,24.46,54.70150804094253,25.8632633345062,https://cerulean.skytruth.org/slicks/4413436?ref=api&slick_id=4413436,2
4952722,2026-05-23 02:15:08+00:00,COPERNICUS/S2_SR_HARMONIZED/20260522T064619_20260522T065752_T40RCP,2026-05-22 07:02:22.506000+00:00,19.21,0.03,0.9968,8.14,55.2869382398722,25.75455674502524,https://cerulean.skytruth.org/slicks/4952722?ref=api&slick_id=4952722,1
4765794,2026-03-08 02:47:05+00:00,COPERNICUS/S2_SR_HARMONIZED/20260307T071751_20260307T073120_T39RUN,2026-03-07 07:31:37.331000+00:00,19.26,0.0,0.9995,17.29,48.954721829445454,29.09577840331921,https://cerulean.skytruth.org/slicks/4765794?ref=api&slick_id=4765794,2
4238735,2025-07-18 02:39:21+00:00,COPERNICUS/S2_SR_HARMONIZED/20250717T070651_20250717T071638_T39RVM,2025-07-17 07:22:14.665000+00:00,19.29,0.18,0.9989,21.74,50.58921106506217,28.44290994118048,https://cerulean.skytruth.org/slicks/4238735?ref=api&slick_id=4238735,2
4394117,2025-09-16 02:39:21+00:00,COPERNICUS/S2_SR_HARMONIZED/20250915T070631_20250915T072158_T39RVM,2025-09-15 07:22:07.467000+00:00,19.29,0.0,0.999,47.88,50.17442521450396,28.432689222110536,https://cerulean.skytruth.org/slicks/4394117?ref=api&slick_id=4394117,3
3566383,2024-11-20 02:39:30+00:00,COPERNICUS/S2_SR_HARMONIZED/20241119T071201_20241119T071204_T39RVM,2024-11-19 07:21:51.062000+00:00,19.29,0.08,0.9995,8.59,50.27119624550589,28.81220247489958,https://cerulean.skytruth.org/slicks/3566383?ref=api&slick_id=3566383,2
3502551,2024-09-21 02:39:30+00:00,COPERNICUS/S2_SR_HARMONIZED/20240920T070621_20240920T070919_T39RVM,2024-09-20 07:21:52.397000+00:00,19.29,0.03,0.9999,23.27,50.468524812644745,28.43709063559037,https://cerulean.skytruth.org/slicks/3502551?ref=api&slick_id=3502551,1
3502571,2024-09-21 02:39:30+00:00,COPERNICUS/S2_SR_HARMONIZED/20240920T070621_20240920T070919_T39RVM,2024-09-20 07:21:52.397000+00:00,19.29,0.03,1.0,19.54,50.75141233590914,28.24069683758269,https://cerulean.skytruth.org/slicks/3502571?ref=api&slick_id=3502571,1
3566374,2024-11-20 02:39:30+00:00,COPERNICUS/S2_SR_HARMONIZED/20241119T071201_20241119T071204_T39RVL,2024-11-19 07:22:05.620000+00:00,19.29,0.0,0.9999,18.2,50.90893360199922,27.980852600117224,https://cerulean.skytruth.org/slicks/3566374?ref=api&slick_id=3566374,2
4925382,2026-05-14 02:39:12+00:00,COPERNICUS/S2_SR_HARMONIZED/20260513T070621_20260513T071634_T39RVM,2026-05-13 07:21:51.315000+00:00,19.29,0.06,0.9977,120.78,50.544791926598926,28.77270159726396,https://cerulean.skytruth.org/slicks/4925382?ref=api&slick_id=4925382,2
4302698,2025-08-06 02:31:44+00:00,COPERNICUS/S2_SR_HARMONIZED/20250805T070321_20250805T070320_T39RXK,2025-08-05 07:12:34.104000+00:00,19.32,0.55,0.9983,14.26,52.63220837580019,26.31675919313284,https://cerulean.skytruth.org/slicks/4302698?ref=api&slick_id=4302698,2
3046611,2024-07-30 02:31:28+00:00,COPERNICUS/S2_SR_HARMONIZED/20240729T065621_20240729T071147_T39RXL,2024-07-29 07:12:05.777000+00:00,19.32,5.95,0.9994,11.45,52.67108850201132,27.077520802575656,https://cerulean.skytruth.org/slicks/3046611?ref=api&slick_id=3046611,1
3622562,2023-05-25 02:32:16+00:00,COPERNICUS/S2_SR_HARMONIZED/20230526T065621_20230526T070554_T39RXH,2023-05-26 07:12:50.559000+00:00,28.68,0.13,0.9955,27.84,52.31773977222663,25.11246067849691,https://cerulean.skytruth.org/slicks/3622562?ref=api&slick_id=3622562,1
5042744,2026-06-26 02:38:30+00:00,COPERNICUS/S2_SR_HARMONIZED/20260627T070619_20260627T071859_T39RVM,2026-06-27 07:21:49.224000+00:00,28.72,0.01,0.9992,59.03,50.6403001469954,28.1063021873334,https://cerulean.skytruth.org/slicks/5042744?ref=api&slick_id=5042744,1
3460700,2024-03-06 02:47:23+00:00,COPERNICUS/S2_SR_HARMONIZED/20240307T071741_20240307T072135_T39RTN,2024-03-07 07:31:40.515000+00:00,28.74,12.63,0.998,29.56,49.01942396280139,29.446894640931134,https://cerulean.skytruth.org/slicks/3460700?ref=api&slick_id=3460700,1
5161906,2026-08-18 02:46:25+00:00,COPERNICUS/S2_SR_HARMONIZED/20260819T071619_20260819T072805_T39RTN,2026-08-19 07:31:36.417000+00:00,28.75,1.54,0.9991,9.1,48.65542823288983,29.69102222352104,https://cerulean.skytruth.org/slicks/5161906?ref=api&slick_id=5161906,4
5091774,2026-07-17 02:14:27+00:00,COPERNICUS/S2_SR_HARMONIZED/20260718T065321_20260718T070135_T40RDP,2026-07-18 07:02:40.292000+00:00,28.8,4.66,0.9998,20.84,56.40508165243181,25.57062798466656,https://cerulean.skytruth.org/slicks/5091774?ref=api&slick_id=5091774,2
3768360,2023-01-20 02:23:32+00:00,COPERNICUS/S2_SR_HARMONIZED/20230121T070209_20230121T071134_T40RBQ,2023-01-21 07:12:09.353000+00:00,28.81,2.57,0.9969,20.31,54.01436950837881,26.16658599785174,https://cerulean.skytruth.org/slicks/3768360?ref=api&slick_id=3768360,4
3007264,2024-09-11 02:23:36+00:00,COPERNICUS/S2_SR_HARMONIZED/20240912T065619_20240912T070700_T39RZJ,2024-09-12 07:12:27.058000+00:00,28.81,0.01,0.9975,75.25,54.19107646659423,26.214101195240097,https://cerulean.skytruth.org/slicks/3007264?ref=api&slick_id=3007264,3
4304016,2025-08-07 02:22:16+00:00,COPERNICUS/S2_SR_HARMONIZED/20250808T065619_20250808T070704_T39RXK,2025-08-08 07:12:19.643000+00:00,28.83,0.0,0.9993,11.98,52.67106418273551,26.32622669495081,https://cerulean.skytruth.org/slicks/4304016?ref=api&slick_id=4304016,3
4570871,2025-12-05 02:22:17+00:00,COPERNICUS/S2_SR_HARMONIZED/20251206T070159_20251206T071201_T40RBQ,2025-12-06 07:12:10.705000+00:00,28.83,0.62,0.9958,34.83,54.074369384992565,26.363812872578908,https://cerulean.skytruth.org/slicks/4570871?ref=api&slick_id=4570871,2
5114805,2026-07-28 02:22:18+00:00,COPERNICUS/S2_SR_HARMONIZED/20260729T065621_20260729T070744_T39RXK,2026-07-29 07:12:19.461000+00:00,28.83,0.0,0.9965,31.05,53.09972152003032,26.39574170170816,https://cerulean.skytruth.org/slicks/5114805?ref=api&slick_id=5114805,2
5114804,2026-07-28 02:22:18+00:00,COPERNICUS/S2_SR_HARMONIZED/20260729T065621_20260729T070744_T39RXK,2026-07-29 07:12:19.461000+00:00,28.83,0.0,0.9994,11.51,53.0223724069916,26.73065998562594,https://cerulean.skytruth.org/slicks/5114804?ref=api&slick_id=5114804,2
3061394,2024-01-08 02:31:55+00:00,COPERNICUS/S2_SR_HARMONIZED/20240109T071259_20240109T071254_T39RXK,2024-01-09 07:22:12.031000+00:00,28.84,0.0,0.9985,27.09,52.52632699380034,26.938436476096957,https://cerulean.skytruth.org/slicks/3061394?ref=api&slick_id=3061394,1
5042906,2026-06-26 02:31:08+00:00,COPERNICUS/S2_SR_HARMONIZED/20260627T070619_20260627T071859_T39RVM,2026-06-27 07:21:49.224000+00:00,28.84,0.01,0.9978,44.91,50.625894524766416,28.11666067216405,https://cerulean.skytruth.org/slicks/5042906?ref=api&slick_id=5042906,1
3613012,2023-09-03 02:39:34+00:00,COPERNICUS/S2_SR_HARMONIZED/20230904T071619_20230904T072624_T39RTM,2023-09-04 07:31:58.983000+00:00,28.87,0.02,0.9979,29.62,48.70142904679401,28.45729834498739,https://cerulean.skytruth.org/slicks/3613012?ref=api&slick_id=3613012,1
4465874,2025-10-22 02:39:21+00:00,COPERNICUS/S2_SR_HARMONIZED/20251023T071849_20251023T072359_T39RVM,2025-10-23 07:31:46.795000+00:00,28.87,0.0,0.9997,9.68,50.24113140766822,28.525620883037547,https://cerulean.skytruth.org/slicks/4465874?ref=api&slick_id=4465874,1
4465866,2025-10-22 02:39:21+00:00,COPERNICUS/S2_SR_HARMONIZED/20251023T071849_20251023T072359_T39RVM,2025-10-23 07:31:46.795000+00:00,28.87,0.0,0.9994,10.88,50.06174173785625,28.74424238877402,https://cerulean.skytruth.org/slicks/4465866?ref=api&slick_id=4465866,2
3639593,2023-05-06 02:39:27+00:00,COPERNICUS/S2_SR_HARMONIZED/20230507T071619_20230507T072136_T39RVM,2023-05-07 07:31:49.438000+00:00,28.87,5.15,0.9995,16.77,50.564894812084326,28.088845392049567,https://cerulean.skytruth.org/slicks/3639593?ref=api&slick_id=3639593,2
5016302,2026-06-14 02:38:12+00:00,COPERNICUS/S2_SR_HARMONIZED/20260615T071621_20260615T072913_T39RTN,2026-06-15 07:31:39.713000+00:00,28.89,0.07,0.9991,51.29,49.04393850100768,29.420685317771813,https://cerulean.skytruth.org/slicks/5016302?ref=api&slick_id=5016302,2
5016308,2026-06-14 02:38:12+00:00,COPERNICUS/S2_SR_HARMONIZED/20260615T071621_20260615T072913_T39RUN,2026-06-15 07:31:36.193000+00:00,28.89,0.85,0.9997,8.95,49.64777375365458,29.06706740910017,https://cerulean.skytruth.org/slicks/5016308?ref=api&slick_id=5016308,1
5016250,2026-06-14 02:38:41+00:00,COPERNICUS/S2_SR_HARMONIZED/20260615T071621_20260615T072913_T39RUM,2026-06-15 07:31:50.518000+00:00,28.89,7.89,0.9981,15.34,49.494859371561816,28.46533392264096,https://cerulean.skytruth.org/slicks/5016250?ref=api&slick_id=5016250,1
5016312,2026-06-14 02:38:12+00:00,COPERNICUS/S2_SR_HARMONIZED/20260615T071621_20260615T072913_T39RUN,2026-06-15 07:31:36.193000+00:00,28.89,0.85,0.9979,9.19,49.59684062241183,28.789269324475768,https://cerulean.skytruth.org/slicks/5016312?ref=api&slick_id=5016312,2
5016326,2026-06-14 02:38:12+00:00,COPERNICUS/S2_SR_HARMONIZED/20260615T071621_20260615T072913_T39RUN,2026-06-15 07:31:36.193000+00:00,28.89,0.85,0.999,18.66,49.69251744394176,28.94815956671539,https://cerulean.skytruth.org/slicks/5016326?ref=api&slick_id=5016326,2
5033813,2026-06-23 02:14:49+00:00,COPERNICUS/S2_SR_HARMONIZED/20260624T065619_20260624T070809_T40RBP,2026-06-24 07:12:23.781000+00:00,28.96,18.35,0.9982,9.01,54.63978321882425,25.80348202195139,https://cerulean.skytruth.org/slicks/5033813?ref=api&slick_id=5033813,2
4425424,2025-10-01 02:14:08+00:00,COPERNICUS/S2_SR_HARMONIZED/20251002T065731_20251002T070449_T39RZJ,2025-10-02 07:12:41.507000+00:00,28.98,0.01,0.9994,29.05,55.16778954132417,26.06964382711119,https://cerulean.skytruth.org/slicks/4425424?ref=api&slick_id=4425424,5
4997819,2026-06-06 14:41:38+00:00,COPERNICUS/S2_SR_HARMONIZED/20260605T071621_20260605T072951_T39RUM,2026-06-05 07:31:49.442000+00:00,31.16,0.01,0.9992,39.14,49.9809608979258,28.750503970585825,https://cerulean.skytruth.org/slicks/4997819?ref=api&slick_id=4997819,2
4390537,2025-09-14 14:41:28+00:00,COPERNICUS/S2_SR_HARMONIZED/20250913T071619_20250913T072210_T39RUN,2025-09-13 07:31:34.911000+00:00,31.16,0.0,0.9998,13.31,49.52585607773953,29.322910349957265,https://cerulean.skytruth.org/slicks/4390537?ref=api&slick_id=4390537,1
3919742,2025-04-24 14:33:41+00:00,COPERNICUS/S2_SR_HARMONIZED/20250423T070619_20250423T071902_T39RXK,2025-04-23 07:22:14.333000+00:00,31.19,2.84,0.9988,9.28,52.68818118013101,26.70495348433059,https://cerulean.skytruth.org/slicks/3919742?ref=api&slick_id=3919742,1
3650815,2023-04-28 14:42:43+00:00,COPERNICUS/S2_SR_HARMONIZED/20230427T071619_20230427T071849_T39RVN,2023-04-27 07:31:31.809000+00:00,31.19,4.5,0.9966,31.9,50.36421867758328,29.615516008666045,https://cerulean.skytruth.org/slicks/3650815?ref=api&slick_id=3650815,1
3612710,2023-09-09 14:25:16+00:00,COPERNICUS/S2_SR_HARMONIZED/20230908T065629_20230908T070652_T39RZJ,2023-09-08 07:12:30.303000+00:00,31.21,0.01,0.9993,10.94,54.84349667958718,25.334827766859892,https://cerulean.skytruth.org/slicks/3612710?ref=api&slick_id=3612710,8
5040656,2026-06-25 14:25:17+00:00,COPERNICUS/S2_SR_HARMONIZED/20260624T065619_20260624T070809_T39RYJ,2026-06-24 07:12:27.760000+00:00,31.21,0.0,0.9988,21.08,53.8255719576976,26.135944585269776,https://cerulean.skytruth.org/slicks/5040656?ref=api&slick_id=5040656,2
5076606,2026-07-09 14:16:26+00:00,COPERNICUS/S2_SR_HARMONIZED/20260708T065321_20260708T070104_T40RDQ,2026-07-08 07:02:23.953000+00:00,31.23,19.43,0.9978,13.09,56.38854708987127,26.604146025409545,https://cerulean.skytruth.org/slicks/5076606?ref=api&slick_id=5076606,1
4416146,2025-09-26 14:40:38+00:00,COPERNICUS/S2_SR_HARMONIZED/20250925T070641_20250925T071534_T39RVK,2025-09-25 07:22:35.323000+00:00,31.3,0.1,0.9964,26.68,50.49271481765938,26.438066375251,https://cerulean.skytruth.org/slicks/4416146?ref=api&slick_id=4416146,1
4281542,2025-07-28 14:41:01+00:00,COPERNICUS/S2_SR_HARMONIZED/20250727T070751_20250727T071940_T39RVM,2025-07-27 07:22:13.590000+00:00,31.31,0.03,0.9977,19.96,50.81669876044696,27.969583004887827,https://cerulean.skytruth.org/slicks/4281542?ref=api&slick_id=4281542,2
4309625,2025-08-09 14:41:02+00:00,COPERNICUS/S2_SR_HARMONIZED/20250808T071321_20250808T071343_T39RVM,2025-08-08 07:22:06.308000+00:00,31.32,18.75,0.9991,9.86,50.203024173361165,28.24697131296177,https://cerulean.skytruth.org/slicks/4309625?ref=api&slick_id=4309625,1
3877085,2025-03-19 14:32:51+00:00,COPERNICUS/S2_SR_HARMONIZED/20250318T070321_20250318T071214_T39RXH,2025-03-18 07:12:59.651000+00:00,31.33,0.01,0.9973,14.01,52.47877146856062,24.248379085521197,https://cerulean.skytruth.org/slicks/3877085?ref=api&slick_id=3877085,2
4957566,2026-05-24 14:41:27+00:00,COPERNICUS/S2_SR_HARMONIZED/20260523T070621_20260523T071813_T39RVM,2026-05-23 07:21:49.535000+00:00,31.33,0.08,0.9975,14.96,50.25449757126739,28.37646332894079,https://cerulean.skytruth.org/slicks/4957566?ref=api&slick_id=4957566,2
3456938,2024-03-12 14:33:23+00:00,COPERNICUS/S2_SR_HARMONIZED/20240311T065701_20240311T070933_T39RYJ,2024-03-11 07:12:29.859000+00:00,31.35,1.63,0.9993,18.61,54.12743249272204,25.73898928533156,https://cerulean.skytruth.org/slicks/3456938?ref=api&slick_id=3456938,3
3715806,2023-01-17 14:33:18+00:00,COPERNICUS/S2_SR_HARMONIZED/20230116T070231_20230116T070226_T39RYJ,2023-01-16 07:12:25.924000+00:00,31.35,0.0,0.9952,53.31,52.98456437463077,25.56946551587956,https://cerulean.skytruth.org/slicks/3715806?ref=api&slick_id=3715806,2
3611339,2024-03-19 14:25:13+00:00,COPERNICUS/S2_SR_HARMONIZED/20240318T064621_20240318T065905_T40RCP,2024-03-18 07:02:27.360000+00:00,31.38,8.57,0.9955,12.95,55.481561617572005,26.039801706786022,https://cerulean.skytruth.org/slicks/3611339?ref=api&slick_id=3611339,1
