cell_id,profundidad_m,prof_abs
2_65,-1.0,1.0
3_65,-1.0,1.0
3_77,-2.0,2.0
4_65,-3.0,3.0
4_66,-3.0,3.0
4_67,-9.0,9.0
5_65,-15.0,15.0
5_66,-3.0,3.0
5_69,-1.0,1.0
6_61,-9.0,9.0
6_62,-19.0,19.0
6_63,-23.0,23.0
6_64,-20.0,20.0
6_65,-2.0,2.0
6_66,-2.0,2.0
6_68,-7.0,7.0
7_60,-11.0,11.0
7_61,-19.0,19.0
7_62,-23.0,23.0
7_63,-17.0,17.0
7_64,-4.0,4.0
7_65,-3.0,3.0
7_66,-3.0,3.0
7_67,-1.0,1.0
7_71,-5.0,5.0
8_57,-1.0,1.0
8_58,-4.0,4.0
8_59,-15.0,15.0
8_60,-12.0,12.0
8_61,-23.0,23.0
8_62,-25.0,25.0
8_63,-10.0,10.0
8_64,-4.0,4.0
8_65,-3.0,3.0
8_66,-4.0,4.0
8_67,-2.0,2.0
8_68,-1.0,1.0
8_70,-7.0,7.0
8_71,-2.0,2.0
8_74,-2.0,2.0
9_56,-9.0,9.0
9_57,-12.0,12.0
9_58,-18.0,18.0
9_59,-25.0,25.0
9_60,-23.0,23.0
9_61,-25.0,25.0
9_62,-18.0,18.0
9_63,-9.0,9.0
9_64,-6.0,6.0
9_65,-6.0,6.0
9_66,-8.0,8.0
9_67,-5.0,5.0
9_68,-4.0,4.0
9_69,-3.0,3.0
9_70,-5.0,5.0
9_73,-27.0,27.0
10_53,-4.0,4.0
10_54,-6.0,6.0
10_55,-16.0,16.0
10_56,-20.0,20.0
10_57,-21.0,21.0
10_58,-22.0,22.0
10_59,-21.0,21.0
10_60,-23.0,23.0
10_61,-20.0,20.0
10_62,-15.0,15.0
10_63,-10.0,10.0
10_64,-11.0,11.0
10_65,-11.0,11.0
10_66,-8.0,8.0
10_67,-8.0,8.0
10_68,-2.0,2.0
10_69,-6.0,6.0
10_70,-2.0,2.0
10_73,-22.0,22.0
11_50,-1.0,1.0
11_51,-4.0,4.0
11_52,-1.0,1.0
11_53,-14.0,14.0
11_54,-18.0,18.0
11_55,-22.0,22.0
11_56,-23.0,23.0
11_57,-10.0,10.0
11_58,-21.0,21.0
11_59,-25.0,25.0
11_60,-27.0,27.0
11_61,-23.0,23.0
11_62,-16.0,16.0
11_63,-11.0,11.0
11_64,-9.0,9.0
11_65,-10.0,10.0
11_66,-7.0,7.0
11_67,-11.0,11.0
11_68,-11.0,11.0
11_69,-8.0,8.0
11_70,-3.0,3.0
11_71,-1.0,1.0
12_49,-2.0,2.0
12_50,-3.0,3.0
12_51,-6.0,6.0
12_52,-12.0,12.0
12_53,-18.0,18.0
12_54,-18.0,18.0
12_55,-18.0,18.0
12_56,-17.0,17.0
12_57,-22.0,22.0
12_58,-29.0,29.0
12_59,-29.0,29.0
12_60,-26.0,26.0
12_61,-27.0,27.0
12_62,-17.0,17.0
12_63,-10.0,10.0
12_64,-11.0,11.0
12_65,-9.0,9.0
12_66,-12.0,12.0
12_67,-14.0,14.0
12_68,-11.0,11.0
12_69,-11.0,11.0
12_70,-3.0,3.0
12_71,-2.0,2.0
12_76,-5.0,5.0
13_46,-1.0,1.0
13_48,-4.0,4.0
13_49,-3.0,3.0
13_50,-3.0,3.0
13_51,-8.0,8.0
13_52,-14.0,14.0
13_53,-9.0,9.0
13_54,-16.0,16.0
13_55,-20.0,20.0
13_56,-19.0,19.0
13_57,-32.0,32.0
13_58,-28.0,28.0
13_59,-31.0,31.0
13_60,-31.0,31.0
13_61,-26.0,26.0
13_62,-21.0,21.0
13_63,-12.0,12.0
13_64,-19.0,19.0
13_65,-14.0,14.0
13_66,-17.0,17.0
13_67,-19.0,19.0
13_68,-20.0,20.0
13_69,-19.0,19.0
13_70,-7.0,7.0
13_71,-3.0,3.0
14_46,-4.0,4.0
14_47,-3.0,3.0
14_48,-2.0,2.0
14_49,-4.0,4.0
14_50,-3.0,3.0
14_51,-6.0,6.0
14_52,-10.0,10.0
14_53,-17.0,17.0
14_54,-19.0,19.0
14_55,-24.0,24.0
14_56,-33.0,33.0
14_57,-28.0,28.0
14_58,-33.0,33.0
14_59,-29.0,29.0
14_60,-29.0,29.0
14_61,-30.0,30.0
14_62,-25.0,25.0
14_63,-19.0,19.0
14_64,-12.0,12.0
14_65,-25.0,25.0
14_66,-13.0,13.0
14_67,-18.0,18.0
14_68,-17.0,17.0
14_69,-8.0,8.0
14_70,-7.0,7.0
14_71,-2.0,2.0
14_72,-4.0,4.0
14_73,-2.0,2.0
14_74,-10.0,10.0
14_75,-1.0,1.0
15_45,-5.0,5.0
15_46,-4.0,4.0
15_47,-5.0,5.0
15_48,-3.0,3.0
15_49,-4.0,4.0
15_50,-9.0,9.0
15_51,-17.0,17.0
15_52,-18.0,18.0
15_53,-20.0,20.0
15_54,-24.0,24.0
15_55,-28.0,28.0
15_56,-35.0,35.0
15_57,-32.0,32.0
15_58,-34.0,34.0
15_59,-33.0,33.0
15_60,-31.0,31.0
15_61,-31.0,31.0
15_62,-28.0,28.0
15_63,-27.0,27.0
15_64,-25.0,25.0
15_65,-19.0,19.0
15_66,-18.0,18.0
15_67,-17.0,17.0
15_68,-11.0,11.0
15_69,-10.0,10.0
15_70,-6.0,6.0
15_71,-3.0,3.0
15_72,-1.0,1.0
15_73,-23.0,23.0
15_74,-1.0,1.0
16_43,-1.0,1.0
16_45,-3.0,3.0
16_46,-8.0,8.0
16_47,-8.0,8.0
16_48,-14.0,14.0
16_49,-16.0,16.0
16_50,-16.0,16.0
16_51,-18.0,18.0
16_52,-28.0,28.0
16_53,-32.0,32.0
16_54,-33.0,33.0
16_55,-27.0,27.0
16_56,-33.0,33.0
16_57,-38.0,38.0
16_58,-33.0,33.0
16_59,-31.0,31.0
16_60,-33.0,33.0
16_61,-31.0,31.0
16_62,-33.0,33.0
16_63,-33.0,33.0
16_64,-29.0,29.0
16_65,-22.0,22.0
16_66,-21.0,21.0
16_67,-18.0,18.0
16_68,-12.0,12.0
16_69,-14.0,14.0
16_70,-12.0,12.0
16_71,-3.0,3.0
16_72,-1.0,1.0
16_73,-1.0,1.0
16_76,-1.0,1.0
16_77,-1.0,1.0
17_41,-1.0,1.0
17_43,-1.0,1.0
17_45,-8.0,8.0
17_46,-12.0,12.0
17_47,-16.0,16.0
17_48,-18.0,18.0
17_49,-18.0,18.0
17_50,-21.0,21.0
17_51,-25.0,25.0
17_52,-31.0,31.0
17_53,-30.0,30.0
17_54,-30.0,30.0
17_55,-39.0,39.0
17_56,-39.0,39.0
17_57,-36.0,36.0
17_58,-29.0,29.0
17_59,-33.0,33.0
17_60,-31.0,31.0
17_61,-33.0,33.0
17_62,-32.0,32.0
17_63,-34.0,34.0
17_64,-30.0,30.0
17_65,-35.0,35.0
17_66,-22.0,22.0
17_67,-19.0,19.0
17_68,-14.0,14.0
17_69,-23.0,23.0
17_70,-18.0,18.0
17_71,-9.0,9.0
17_72,-9.0,9.0
17_73,-3.0,3.0
18_40,-8.0,8.0
18_41,-1.0,1.0
18_42,-1.0,1.0
18_43,-13.0,13.0
18_44,-10.0,10.0
18_45,-6.0,6.0
18_46,-8.0,8.0
18_47,-18.0,18.0
18_48,-20.0,20.0
18_49,-24.0,24.0
18_50,-34.0,34.0
18_51,-31.0,31.0
18_52,-37.0,37.0
18_53,-37.0,37.0
18_54,-44.0,44.0
18_55,-33.0,33.0
18_56,-35.0,35.0
18_57,-37.0,37.0
18_58,-34.0,34.0
18_59,-35.0,35.0
18_60,-38.0,38.0
18_61,-36.0,36.0
18_62,-33.0,33.0
18_63,-34.0,34.0
18_64,-25.0,25.0
18_65,-23.0,23.0
18_66,-24.0,24.0
18_67,-18.0,18.0
18_68,-16.0,16.0
18_69,-17.0,17.0
18_70,-14.0,14.0
18_71,-12.0,12.0
18_72,-1.0,1.0
18_73,-1.0,1.0
19_40,-1.0,1.0
19_41,-1.0,1.0
19_42,-2.0,2.0
19_43,-13.0,13.0
19_44,-14.0,14.0
19_45,-7.0,7.0
19_46,-15.0,15.0
19_47,-16.0,16.0
19_48,-33.0,33.0
19_49,-25.0,25.0
19_50,-26.0,26.0
19_51,-30.0,30.0
19_52,-37.0,37.0
19_53,-37.0,37.0
19_54,-36.0,36.0
19_55,-31.0,31.0
19_56,-36.0,36.0
19_57,-38.0,38.0
19_58,-30.0,30.0
19_59,-47.0,47.0
19_60,-44.0,44.0
19_61,-39.0,39.0
19_62,-38.0,38.0
19_63,-36.0,36.0
19_64,-24.0,24.0
19_65,-20.0,20.0
19_66,-20.0,20.0
19_67,-19.0,19.0
19_68,-14.0,14.0
19_69,-18.0,18.0
19_70,-13.0,13.0
19_71,-4.0,4.0
19_72,-34.0,34.0
19_73,-1.0,1.0
20_41,-9.0,9.0
20_43,-7.0,7.0
20_44,-6.0,6.0
20_45,-19.0,19.0
20_46,-27.0,27.0
20_47,-34.0,34.0
20_48,-20.0,20.0
20_49,-29.0,29.0
20_50,-44.0,44.0
20_51,-30.0,30.0
20_52,-42.0,42.0
20_53,-34.0,34.0
20_54,-38.0,38.0
20_55,-41.0,41.0
20_56,-41.0,41.0
20_57,-44.0,44.0
20_58,-41.0,41.0
20_59,-40.0,40.0
20_60,-39.0,39.0
20_61,-37.0,37.0
20_62,-38.0,38.0
20_63,-36.0,36.0
20_64,-29.0,29.0
20_65,-29.0,29.0
20_66,-22.0,22.0
20_67,-21.0,21.0
20_68,-15.0,15.0
20_69,-15.0,15.0
20_70,-16.0,16.0
20_71,-1.0,1.0
21_39,-11.0,11.0
21_40,-11.0,11.0
21_41,-22.0,22.0
21_42,-5.0,5.0
21_43,-14.0,14.0
21_44,-28.0,28.0
21_45,-13.0,13.0
21_46,-35.0,35.0
21_47,-37.0,37.0
21_48,-39.0,39.0
21_49,-13.0,13.0
21_50,-25.0,25.0
21_51,-34.0,34.0
21_52,-35.0,35.0
21_53,-47.0,47.0
21_54,-41.0,41.0
21_55,-42.0,42.0
21_56,-47.0,47.0
21_57,-44.0,44.0
21_58,-46.0,46.0
21_59,-42.0,42.0
21_60,-39.0,39.0
21_61,-47.0,47.0
21_62,-46.0,46.0
21_63,-39.0,39.0
21_64,-30.0,30.0
21_65,-30.0,30.0
21_66,-25.0,25.0
21_67,-23.0,23.0
21_68,-22.0,22.0
21_69,-18.0,18.0
21_70,-11.0,11.0
21_71,-4.0,4.0
21_72,-1.0,1.0
22_38,-8.0,8.0
22_39,-24.0,24.0
22_40,-30.0,30.0
22_41,-26.0,26.0
22_42,-37.0,37.0
22_43,-30.0,30.0
22_44,-36.0,36.0
22_45,-28.0,28.0
22_46,-19.0,19.0
22_47,-35.0,35.0
22_48,-50.0,50.0
22_49,-43.0,43.0
22_50,-34.0,34.0
22_51,-44.0,44.0
22_52,-37.0,37.0
22_53,-45.0,45.0
22_54,-40.0,40.0
22_55,-44.0,44.0
22_56,-47.0,47.0
22_57,-45.0,45.0
22_58,-44.0,44.0
22_59,-44.0,44.0
22_60,-42.0,42.0
22_61,-43.0,43.0
22_62,-40.0,40.0
22_63,-38.0,38.0
22_64,-27.0,27.0
22_65,-25.0,25.0
22_66,-26.0,26.0
22_67,-28.0,28.0
22_68,-16.0,16.0
22_69,-18.0,18.0
22_70,-9.0,9.0
22_71,-5.0,5.0
22_72,-3.0,3.0
22_73,-5.0,5.0
23_37,-6.0,6.0
23_38,-13.0,13.0
23_39,-37.0,37.0
23_40,-41.0,41.0
23_41,-37.0,37.0
23_42,-20.0,20.0
23_43,-15.0,15.0
23_44,-43.0,43.0
23_45,-46.0,46.0
23_46,-15.0,15.0
23_47,-49.0,49.0
23_48,-41.0,41.0
23_49,-41.0,41.0
23_50,-42.0,42.0
23_51,-43.0,43.0
23_52,-45.0,45.0
23_53,-46.0,46.0
23_54,-46.0,46.0
23_55,-56.0,56.0
23_56,-49.0,49.0
23_57,-49.0,49.0
23_58,-45.0,45.0
23_59,-44.0,44.0
23_60,-41.0,41.0
23_61,-42.0,42.0
23_62,-42.0,42.0
23_63,-38.0,38.0
23_64,-39.0,39.0
23_65,-31.0,31.0
23_66,-26.0,26.0
23_67,-22.0,22.0
23_68,-21.0,21.0
23_69,-17.0,17.0
23_70,-12.0,12.0
23_71,-13.0,13.0
23_72,-9.0,9.0
23_73,-5.0,5.0
23_74,-18.0,18.0
24_37,-9.0,9.0
24_38,-22.0,22.0
24_39,-12.0,12.0
24_40,-46.0,46.0
24_41,-45.0,45.0
24_42,-53.0,53.0
24_43,-44.0,44.0
24_44,-50.0,50.0
24_45,-49.0,49.0
24_46,-52.0,52.0
24_47,-22.0,22.0
24_48,-31.0,31.0
24_49,-39.0,39.0
24_50,-45.0,45.0
24_51,-42.0,42.0
24_52,-46.0,46.0
24_53,-53.0,53.0
24_54,-42.0,42.0
24_55,-52.0,52.0
24_56,-56.0,56.0
24_57,-49.0,49.0
24_58,-44.0,44.0
24_59,-43.0,43.0
24_60,-41.0,41.0
24_61,-43.0,43.0
24_62,-39.0,39.0
24_63,-36.0,36.0
24_64,-36.0,36.0
24_65,-33.0,33.0
24_66,-29.0,29.0
24_67,-18.0,18.0
24_68,-23.0,23.0
24_69,-20.0,20.0
24_70,-17.0,17.0
24_71,-15.0,15.0
24_72,-17.0,17.0
24_73,-19.0,19.0
25_26,-1.0,1.0
25_28,-1.0,1.0
25_33,-7.0,7.0
25_34,-1.0,1.0
25_36,-6.0,6.0
25_37,-21.0,21.0
25_38,-38.0,38.0
25_39,-14.0,14.0
25_40,-45.0,45.0
25_41,-53.0,53.0
25_42,-60.0,60.0
25_43,-53.0,53.0
25_44,-54.0,54.0
25_45,-38.0,38.0
25_46,-43.0,43.0
25_47,-29.0,29.0
25_48,-47.0,47.0
25_49,-49.0,49.0
25_50,-49.0,49.0
25_51,-46.0,46.0
25_52,-48.0,48.0
25_53,-54.0,54.0
25_54,-55.0,55.0
25_55,-48.0,48.0
25_56,-53.0,53.0
25_57,-38.0,38.0
25_58,-47.0,47.0
25_59,-47.0,47.0
25_60,-43.0,43.0
25_61,-41.0,41.0
25_62,-41.0,41.0
25_63,-45.0,45.0
25_64,-38.0,38.0
25_65,-35.0,35.0
25_66,-32.0,32.0
25_67,-28.0,28.0
25_68,-23.0,23.0
25_69,-23.0,23.0
25_70,-19.0,19.0
25_71,-4.0,4.0
25_72,-17.0,17.0
25_73,-9.0,9.0
26_24,-5.0,5.0
26_25,-3.0,3.0
26_26,-12.0,12.0
26_27,-10.0,10.0
26_28,-9.0,9.0
26_29,-1.0,1.0
26_33,-5.0,5.0
26_34,-4.0,4.0
26_35,-21.0,21.0
26_36,-21.0,21.0
26_37,-27.0,27.0
26_38,-33.0,33.0
26_39,-42.0,42.0
26_40,-48.0,48.0
26_41,-47.0,47.0
26_42,-57.0,57.0
26_43,-53.0,53.0
26_44,-53.0,53.0
26_45,-49.0,49.0
26_46,-49.0,49.0
26_47,-8.0,8.0
26_48,-47.0,47.0
26_49,-54.0,54.0
26_50,-54.0,54.0
26_51,-52.0,52.0
26_52,-57.0,57.0
26_53,-56.0,56.0
26_54,-54.0,54.0
26_55,-54.0,54.0
26_56,-49.0,49.0
26_57,-48.0,48.0
26_58,-46.0,46.0
26_59,-47.0,47.0
26_60,-42.0,42.0
26_61,-41.0,41.0
26_62,-46.0,46.0
26_63,-43.0,43.0
26_64,-37.0,37.0
26_65,-32.0,32.0
26_66,-28.0,28.0
26_67,-27.0,27.0
26_68,-25.0,25.0
26_69,-16.0,16.0
26_70,-3.0,3.0
27_23,-8.0,8.0
27_24,-19.0,19.0
27_25,-16.0,16.0
27_26,-8.0,8.0
27_27,-14.0,14.0
27_28,-18.0,18.0
27_29,-5.0,5.0
27_30,-4.0,4.0
27_31,-4.0,4.0
27_32,-3.0,3.0
27_33,-6.0,6.0
27_34,-17.0,17.0
27_35,-8.0,8.0
27_36,-15.0,15.0
27_37,-17.0,17.0
27_38,-17.0,17.0
27_39,-37.0,37.0
27_40,-45.0,45.0
27_41,-41.0,41.0
27_42,-55.0,55.0
27_43,-53.0,53.0
27_44,-55.0,55.0
27_45,-51.0,51.0
27_46,-56.0,56.0
27_47,-48.0,48.0
27_48,-53.0,53.0
27_49,-55.0,55.0
27_50,-55.0,55.0
27_51,-57.0,57.0
27_52,-56.0,56.0
27_53,-57.0,57.0
27_54,-63.0,63.0
27_55,-47.0,47.0
27_56,-49.0,49.0
27_57,-47.0,47.0
27_58,-43.0,43.0
27_59,-44.0,44.0
27_60,-36.0,36.0
27_61,-43.0,43.0
27_62,-40.0,40.0
27_63,-40.0,40.0
27_64,-24.0,24.0
27_65,-26.0,26.0
27_66,-28.0,28.0
27_67,-25.0,25.0
27_68,-25.0,25.0
27_69,-1.0,1.0
28_22,-4.0,4.0
28_23,-15.0,15.0
28_24,-17.0,17.0
28_25,-14.0,14.0
28_26,-24.0,24.0
28_27,-12.0,12.0
28_28,-13.0,13.0
28_29,-1.0,1.0
28_30,-8.0,8.0
28_31,-3.0,3.0
28_32,-7.0,7.0
28_33,-4.0,4.0
28_34,-17.0,17.0
28_35,-17.0,17.0
28_36,-21.0,21.0
28_37,-24.0,24.0
28_38,-3.0,3.0
28_39,-39.0,39.0
28_40,-52.0,52.0
28_41,-57.0,57.0
28_42,-49.0,49.0
28_43,-49.0,49.0
28_44,-58.0,58.0
28_45,-54.0,54.0
28_46,-54.0,54.0
28_47,-52.0,52.0
28_48,-45.0,45.0
28_49,-43.0,43.0
28_50,-52.0,52.0
28_51,-57.0,57.0
28_52,-57.0,57.0
28_53,-58.0,58.0
28_54,-54.0,54.0
28_55,-48.0,48.0
28_56,-48.0,48.0
28_57,-48.0,48.0
28_58,-43.0,43.0
28_59,-43.0,43.0
28_60,-43.0,43.0
28_61,-35.0,35.0
28_62,-32.0,32.0
28_63,-29.0,29.0
28_64,-34.0,34.0
28_65,-34.0,34.0
28_66,-23.0,23.0
28_67,-14.0,14.0
28_68,-3.0,3.0
29_21,-2.0,2.0
29_22,-15.0,15.0
29_23,-13.0,13.0
29_24,-11.0,11.0
29_25,-3.0,3.0
29_26,-4.0,4.0
29_30,-3.0,3.0
29_31,-5.0,5.0
29_32,-2.0,2.0
29_33,-3.0,3.0
29_34,-8.0,8.0
29_35,-9.0,9.0
29_36,-17.0,17.0
29_37,-29.0,29.0
29_38,-25.0,25.0
29_39,-43.0,43.0
29_40,-54.0,54.0
29_41,-62.0,62.0
29_42,-55.0,55.0
29_43,-52.0,52.0
29_44,-53.0,53.0
29_45,-59.0,59.0
29_46,-59.0,59.0
29_47,-56.0,56.0
29_48,-54.0,54.0
29_49,-56.0,56.0
29_50,-59.0,59.0
29_51,-55.0,55.0
29_52,-58.0,58.0
29_53,-54.0,54.0
29_54,-56.0,56.0
29_55,-53.0,53.0
29_56,-57.0,57.0
29_57,-48.0,48.0
29_58,-48.0,48.0
29_59,-42.0,42.0
29_60,-40.0,40.0
29_61,-36.0,36.0
29_62,-29.0,29.0
29_63,-31.0,31.0
29_64,-28.0,28.0
29_65,-17.0,17.0
29_66,-11.0,11.0
29_67,-6.0,6.0
30_18,-2.0,2.0
30_19,-8.0,8.0
30_20,-14.0,14.0
30_21,-20.0,20.0
30_22,-12.0,12.0
30_23,-11.0,11.0
30_24,-7.0,7.0
30_25,-1.0,1.0
30_30,-1.0,1.0
30_31,-5.0,5.0
30_32,-3.0,3.0
30_33,-2.0,2.0
30_34,-10.0,10.0
30_35,-16.0,16.0
30_36,-21.0,21.0
30_37,-24.0,24.0
30_38,-36.0,36.0
30_39,-43.0,43.0
30_40,-46.0,46.0
30_41,-57.0,57.0
30_42,-52.0,52.0
30_43,-51.0,51.0
30_44,-54.0,54.0
30_45,-56.0,56.0
30_46,-58.0,58.0
30_47,-63.0,63.0
30_48,-57.0,57.0
30_49,-63.0,63.0
30_50,-61.0,61.0
30_51,-58.0,58.0
30_52,-58.0,58.0
30_53,-56.0,56.0
30_54,-54.0,54.0
30_55,-56.0,56.0
30_56,-55.0,55.0
30_57,-44.0,44.0
30_58,-38.0,38.0
30_59,-34.0,34.0
30_60,-31.0,31.0
30_61,-24.0,24.0
30_62,-20.0,20.0
30_63,-15.0,15.0
30_64,-26.0,26.0
30_65,-31.0,31.0
31_16,-9.0,9.0
31_17,-1.0,1.0
31_18,-22.0,22.0
31_19,-15.0,15.0
31_20,-9.0,9.0
31_21,-29.0,29.0
31_22,-12.0,12.0
31_23,-19.0,19.0
31_24,-3.0,3.0
31_25,-3.0,3.0
31_26,-2.0,2.0
31_27,-5.0,5.0
31_28,-5.0,5.0
31_29,-11.0,11.0
31_30,-1.0,1.0
31_31,-9.0,9.0
31_32,-9.0,9.0
31_33,-10.0,10.0
31_34,-15.0,15.0
31_35,-19.0,19.0
31_36,-15.0,15.0
31_37,-24.0,24.0
31_38,-29.0,29.0
31_39,-29.0,29.0
31_40,-51.0,51.0
31_41,-61.0,61.0
31_42,-52.0,52.0
31_43,-60.0,60.0
31_44,-68.0,68.0
31_45,-59.0,59.0
31_46,-62.0,62.0
31_47,-59.0,59.0
31_48,-62.0,62.0
31_49,-61.0,61.0
31_50,-59.0,59.0
31_51,-62.0,62.0
31_52,-60.0,60.0
31_53,-58.0,58.0
31_54,-52.0,52.0
31_55,-49.0,49.0
31_56,-41.0,41.0
31_57,-36.0,36.0
31_58,-27.0,27.0
31_59,-26.0,26.0
31_60,-22.0,22.0
31_61,-9.0,9.0
31_64,-28.0,28.0
32_14,-6.0,6.0
32_15,-1.0,1.0
32_16,-7.0,7.0
32_17,-1.0,1.0
32_23,-1.0,1.0
32_25,-3.0,3.0
32_26,-7.0,7.0
32_27,-8.0,8.0
32_28,-2.0,2.0
32_29,-18.0,18.0
32_30,-11.0,11.0
32_31,-14.0,14.0
32_32,-12.0,12.0
32_33,-12.0,12.0
32_34,-9.0,9.0
32_35,-17.0,17.0
32_36,-17.0,17.0
32_37,-39.0,39.0
32_38,-47.0,47.0
32_39,-44.0,44.0
32_40,-55.0,55.0
32_41,-61.0,61.0
32_42,-62.0,62.0
32_43,-57.0,57.0
32_44,-53.0,53.0
32_45,-57.0,57.0
32_46,-60.0,60.0
32_47,-67.0,67.0
32_48,-61.0,61.0
32_49,-59.0,59.0
32_50,-61.0,61.0
32_51,-62.0,62.0
32_52,-59.0,59.0
32_53,-56.0,56.0
32_54,-45.0,45.0
32_55,-34.0,34.0
32_56,-33.0,33.0
32_57,-30.0,30.0
32_58,-25.0,25.0
32_59,-12.0,12.0
32_60,-10.0,10.0
32_61,-4.0,4.0
33_23,-2.0,2.0
33_24,-6.0,6.0
33_25,-2.0,2.0
33_26,-6.0,6.0
33_27,-3.0,3.0
33_28,-3.0,3.0
33_29,-4.0,4.0
33_30,-6.0,6.0
33_31,-9.0,9.0
33_32,-14.0,14.0
33_33,-11.0,11.0
33_34,-12.0,12.0
33_35,-19.0,19.0
33_36,-14.0,14.0
33_37,-40.0,40.0
33_38,-56.0,56.0
33_39,-63.0,63.0
33_40,-63.0,63.0
33_41,-71.0,71.0
33_42,-49.0,49.0
33_43,-62.0,62.0
33_44,-61.0,61.0
33_45,-59.0,59.0
33_46,-65.0,65.0
33_47,-53.0,53.0
33_48,-63.0,63.0
33_49,-58.0,58.0
33_50,-63.0,63.0
33_51,-48.0,48.0
33_52,-54.0,54.0
33_53,-44.0,44.0
33_54,-37.0,37.0
33_55,-32.0,32.0
33_56,-25.0,25.0
33_57,-17.0,17.0
33_58,-7.0,7.0
33_60,-1.0,1.0
33_61,-14.0,14.0
34_25,-1.0,1.0
34_27,-4.0,4.0
34_28,-4.0,4.0
34_29,-5.0,5.0
34_30,-3.0,3.0
34_31,-8.0,8.0
34_32,-13.0,13.0
34_33,-15.0,15.0
34_34,-18.0,18.0
34_35,-19.0,19.0
34_36,-21.0,21.0
34_37,-17.0,17.0
34_38,-40.0,40.0
34_39,-59.0,59.0
34_40,-57.0,57.0
34_41,-68.0,68.0
34_42,-65.0,65.0
34_43,-65.0,65.0
34_44,-64.0,64.0
34_45,-56.0,56.0
34_46,-47.0,47.0
34_47,-66.0,66.0
34_48,-60.0,60.0
34_49,-57.0,57.0
34_50,-48.0,48.0
34_51,-48.0,48.0
34_52,-45.0,45.0
34_53,-38.0,38.0
34_54,-31.0,31.0
34_55,-19.0,19.0
34_56,-14.0,14.0
34_57,-11.0,11.0
34_58,-3.0,3.0
35_29,-7.0,7.0
35_30,-7.0,7.0
35_31,-9.0,9.0
35_32,-11.0,11.0
35_33,-17.0,17.0
35_34,-20.0,20.0
35_35,-19.0,19.0
35_36,-19.0,19.0
35_37,-42.0,42.0
35_38,-61.0,61.0
35_39,-69.0,69.0
35_40,-69.0,69.0
35_41,-69.0,69.0
35_42,-69.0,69.0
35_43,-68.0,68.0
35_44,-66.0,66.0
35_45,-70.0,70.0
35_46,-69.0,69.0
35_47,-46.0,46.0
35_48,-49.0,49.0
35_49,-43.0,43.0
35_50,-39.0,39.0
35_51,-35.0,35.0
35_52,-31.0,31.0
35_53,-26.0,26.0
35_54,-48.0,48.0
35_55,-3.0,3.0
36_29,-4.0,4.0
36_30,-11.0,11.0
36_31,-11.0,11.0
36_32,-14.0,14.0
36_33,-19.0,19.0
36_34,-24.0,24.0
36_35,-21.0,21.0
36_36,-18.0,18.0
36_37,-40.0,40.0
36_38,-64.0,64.0
36_39,-68.0,68.0
36_40,-69.0,69.0
36_41,-68.0,68.0
36_42,-71.0,71.0
36_43,-71.0,71.0
36_44,-72.0,72.0
36_45,-69.0,69.0
36_46,-55.0,55.0
36_47,-36.0,36.0
36_48,-35.0,35.0
36_49,-33.0,33.0
36_50,-22.0,22.0
36_51,-18.0,18.0
36_52,-18.0,18.0
36_53,-4.0,4.0
37_12,-1.0,1.0
37_29,-3.0,3.0
37_30,-10.0,10.0
37_31,-16.0,16.0
37_32,-20.0,20.0
37_33,-17.0,17.0
37_34,-22.0,22.0
37_35,-19.0,19.0
37_36,-30.0,30.0
37_37,-48.0,48.0
37_38,-68.0,68.0
37_39,-74.0,74.0
37_40,-72.0,72.0
37_41,-76.0,76.0
37_42,-64.0,64.0
37_43,-66.0,66.0
37_44,-45.0,45.0
37_45,-41.0,41.0
37_46,-29.0,29.0
37_47,-26.0,26.0
37_48,-24.0,24.0
37_49,-4.0,4.0
37_50,-1.0,1.0
38_2,-3.0,3.0
38_3,-11.0,11.0
38_9,-2.0,2.0
38_10,-3.0,3.0
38_28,-5.0,5.0
38_29,-12.0,12.0
38_30,-16.0,16.0
38_31,-20.0,20.0
38_32,-24.0,24.0
38_33,-34.0,34.0
38_34,-33.0,33.0
38_35,-25.0,25.0
38_36,-27.0,27.0
38_37,-58.0,58.0
38_38,-66.0,66.0
38_39,-72.0,72.0
38_40,-75.0,75.0
38_41,-70.0,70.0
38_42,-61.0,61.0
38_43,-43.0,43.0
38_44,-35.0,35.0
38_45,-26.0,26.0
38_46,-26.0,26.0
38_47,-19.0,19.0
38_48,-2.0,2.0
39_3,-5.0,5.0
39_4,-10.0,10.0
39_9,-18.0,18.0
39_10,-7.0,7.0
39_11,-12.0,12.0
39_12,-6.0,6.0
39_13,-3.0,3.0
39_14,-2.0,2.0
39_22,-1.0,1.0
39_27,-12.0,12.0
39_28,-13.0,13.0
39_29,-19.0,19.0
39_30,-19.0,19.0
39_31,-23.0,23.0
39_32,-26.0,26.0
39_33,-27.0,27.0
39_34,-24.0,24.0
39_35,-28.0,28.0
39_36,-41.0,41.0
39_37,-67.0,67.0
39_38,-62.0,62.0
39_39,-70.0,70.0
39_40,-73.0,73.0
39_41,-69.0,69.0
39_42,-63.0,63.0
39_43,-41.0,41.0
39_44,-30.0,30.0
39_45,-25.0,25.0
39_46,-16.0,16.0
39_47,-22.0,22.0
39_48,-3.0,3.0
40_8,-2.0,2.0
40_9,-1.0,1.0
40_10,-5.0,5.0
40_11,-3.0,3.0
40_12,-7.0,7.0
40_13,-9.0,9.0
40_14,-8.0,8.0
40_15,-4.0,4.0
40_20,-1.0,1.0
40_21,-11.0,11.0
40_22,-5.0,5.0
40_23,-3.0,3.0
40_26,-2.0,2.0
40_27,-11.0,11.0
40_28,-19.0,19.0
40_29,-21.0,21.0
40_30,-24.0,24.0
40_31,-27.0,27.0
40_32,-34.0,34.0
40_33,-31.0,31.0
40_34,-25.0,25.0
40_35,-28.0,28.0
40_36,-40.0,40.0
40_37,-64.0,64.0
40_38,-66.0,66.0
40_39,-71.0,71.0
40_40,-74.0,74.0
40_41,-66.0,66.0
40_42,-45.0,45.0
40_43,-31.0,31.0
40_44,-26.0,26.0
40_45,-22.0,22.0
40_46,-10.0,10.0
40_47,-2.0,2.0
41_8,-2.0,2.0
41_9,-15.0,15.0
41_10,-1.0,1.0
41_11,-2.0,2.0
41_12,-2.0,2.0
41_13,-10.0,10.0
41_14,-10.0,10.0
41_15,-5.0,5.0
41_16,-10.0,10.0
41_17,-15.0,15.0
41_18,-18.0,18.0
41_19,-11.0,11.0
41_20,-7.0,7.0
41_21,-6.0,6.0
41_22,-5.0,5.0
41_23,-7.0,7.0
41_24,-7.0,7.0
41_25,-9.0,9.0
41_26,-11.0,11.0
41_27,-20.0,20.0
41_28,-19.0,19.0
41_29,-22.0,22.0
41_30,-27.0,27.0
41_31,-22.0,22.0
41_32,-37.0,37.0
41_33,-40.0,40.0
41_34,-33.0,33.0
41_35,-27.0,27.0
41_36,-47.0,47.0
41_37,-72.0,72.0
41_38,-71.0,71.0
41_39,-67.0,67.0
41_40,-71.0,71.0
41_41,-51.0,51.0
41_42,-40.0,40.0
41_43,-42.0,42.0
41_44,-26.0,26.0
41_45,-15.0,15.0
41_46,-7.0,7.0
41_47,-5.0,5.0
42_6,-5.0,5.0
42_7,-14.0,14.0
42_8,-6.0,6.0
42_9,-9.0,9.0
42_10,-1.0,1.0
42_11,-5.0,5.0
42_12,-18.0,18.0
42_13,-4.0,4.0
42_14,-4.0,4.0
42_15,-5.0,5.0
42_16,-10.0,10.0
42_17,-12.0,12.0
42_18,-9.0,9.0
42_19,-12.0,12.0
42_20,-16.0,16.0
42_21,-16.0,16.0
42_22,-19.0,19.0
42_23,-16.0,16.0
42_24,-18.0,18.0
42_25,-20.0,20.0
42_26,-20.0,20.0
42_27,-23.0,23.0
42_28,-20.0,20.0
42_29,-25.0,25.0
42_30,-30.0,30.0
42_31,-22.0,22.0
42_32,-42.0,42.0
42_33,-46.0,46.0
42_34,-40.0,40.0
42_35,-45.0,45.0
42_36,-54.0,54.0
42_37,-64.0,64.0
42_38,-68.0,68.0
42_39,-49.0,49.0
42_40,-47.0,47.0
42_41,-45.0,45.0
42_42,-44.0,44.0
42_43,-49.0,49.0
42_44,-33.0,33.0
42_45,-15.0,15.0
42_46,-5.0,5.0
42_47,-10.0,10.0
43_5,-5.0,5.0
43_6,-21.0,21.0
43_7,-13.0,13.0
43_8,-4.0,4.0
43_9,-6.0,6.0
43_10,-11.0,11.0
43_11,-16.0,16.0
43_12,-14.0,14.0
43_13,-12.0,12.0
43_14,-5.0,5.0
43_15,-5.0,5.0
43_16,-5.0,5.0
43_17,-7.0,7.0
43_18,-9.0,9.0
43_19,-14.0,14.0
43_20,-21.0,21.0
43_21,-19.0,19.0
43_22,-24.0,24.0
43_23,-20.0,20.0
43_24,-21.0,21.0
43_25,-20.0,20.0
43_26,-23.0,23.0
43_27,-21.0,21.0
43_28,-29.0,29.0
43_29,-28.0,28.0
43_30,-23.0,23.0
43_31,-28.0,28.0
43_32,-35.0,35.0
43_33,-46.0,46.0
43_34,-52.0,52.0
43_35,-55.0,55.0
43_36,-70.0,70.0
43_37,-70.0,70.0
43_38,-57.0,57.0
43_39,-56.0,56.0
43_40,-47.0,47.0
43_41,-51.0,51.0
43_42,-50.0,50.0
43_43,-54.0,54.0
43_44,-53.0,53.0
43_45,-23.0,23.0
43_46,-19.0,19.0
43_47,-38.0,38.0
44_5,-1.0,1.0
44_6,-2.0,2.0
44_8,-3.0,3.0
44_9,-5.0,5.0
44_10,-9.0,9.0
44_11,-11.0,11.0
44_12,-15.0,15.0
44_13,-5.0,5.0
44_14,-2.0,2.0
44_15,-13.0,13.0
44_16,-11.0,11.0
44_17,-12.0,12.0
44_18,-5.0,5.0
44_19,-8.0,8.0
44_20,-19.0,19.0
44_21,-19.0,19.0
44_22,-18.0,18.0
44_23,-18.0,18.0
44_24,-23.0,23.0
44_25,-25.0,25.0
44_26,-25.0,25.0
44_27,-30.0,30.0
44_28,-28.0,28.0
44_29,-23.0,23.0
44_30,-31.0,31.0
44_31,-37.0,37.0
44_32,-42.0,42.0
44_33,-48.0,48.0
44_34,-58.0,58.0
44_35,-64.0,64.0
44_36,-72.0,72.0
44_37,-64.0,64.0
44_38,-50.0,50.0
44_39,-61.0,61.0
44_40,-55.0,55.0
44_41,-55.0,55.0
44_42,-53.0,53.0
44_43,-53.0,53.0
44_44,-54.0,54.0
44_45,-58.0,58.0
44_46,-59.0,59.0
44_47,-33.0,33.0
45_5,-2.0,2.0
45_6,-8.0,8.0
45_7,-17.0,17.0
45_8,-6.0,6.0
45_9,-6.0,6.0
45_10,-3.0,3.0
45_11,-9.0,9.0
45_12,-12.0,12.0
45_13,-5.0,5.0
45_14,-11.0,11.0
45_15,-18.0,18.0
45_16,-11.0,11.0
45_17,-17.0,17.0
45_18,-11.0,11.0
45_19,-8.0,8.0
45_20,-17.0,17.0
45_21,-23.0,23.0
45_22,-22.0,22.0
45_23,-24.0,24.0
45_24,-27.0,27.0
45_25,-31.0,31.0
45_26,-30.0,30.0
45_27,-37.0,37.0
45_28,-38.0,38.0
45_29,-28.0,28.0
45_30,-36.0,36.0
45_31,-32.0,32.0
45_32,-54.0,54.0
45_33,-55.0,55.0
45_34,-62.0,62.0
45_35,-67.0,67.0
45_36,-60.0,60.0
45_37,-61.0,61.0
45_38,-51.0,51.0
45_39,-57.0,57.0
45_40,-63.0,63.0
45_41,-60.0,60.0
45_42,-66.0,66.0
45_43,-57.0,57.0
45_44,-63.0,63.0
45_45,-60.0,60.0
45_46,-57.0,57.0
45_47,-1.0,1.0
46_5,-17.0,17.0
46_6,-16.0,16.0
46_7,-27.0,27.0
46_8,-27.0,27.0
46_9,-13.0,13.0
46_10,-27.0,27.0
46_11,-19.0,19.0
46_12,-11.0,11.0
46_13,-14.0,14.0
46_14,-18.0,18.0
46_15,-16.0,16.0
46_16,-19.0,19.0
46_17,-15.0,15.0
46_18,-11.0,11.0
46_19,-9.0,9.0
46_20,-14.0,14.0
46_21,-28.0,28.0
46_22,-27.0,27.0
46_23,-26.0,26.0
46_24,-25.0,25.0
46_25,-30.0,30.0
46_26,-35.0,35.0
46_27,-25.0,25.0
46_28,-44.0,44.0
46_29,-40.0,40.0
46_30,-37.0,37.0
46_31,-40.0,40.0
46_32,-61.0,61.0
46_33,-64.0,64.0
46_34,-56.0,56.0
46_35,-61.0,61.0
46_36,-60.0,60.0
46_37,-57.0,57.0
46_38,-57.0,57.0
46_39,-69.0,69.0
46_40,-69.0,69.0
46_41,-65.0,65.0
46_42,-73.0,73.0
46_43,-73.0,73.0
46_44,-71.0,71.0
46_45,-71.0,71.0
46_46,-8.0,8.0
47_5,-3.0,3.0
47_6,-12.0,12.0
47_7,-22.0,22.0
47_8,-19.0,19.0
47_9,-20.0,20.0
47_10,-14.0,14.0
47_12,-17.0,17.0
47_13,-27.0,27.0
47_14,-22.0,22.0
47_15,-30.0,30.0
47_16,-20.0,20.0
47_17,-14.0,14.0
47_18,-7.0,7.0
47_19,-13.0,13.0
47_20,-21.0,21.0
47_21,-24.0,24.0
47_22,-29.0,29.0
47_23,-28.0,28.0
47_24,-31.0,31.0
47_25,-37.0,37.0
47_26,-20.0,20.0
47_27,-36.0,36.0
47_28,-30.0,30.0
47_29,-49.0,49.0
47_30,-52.0,52.0
47_31,-53.0,53.0
47_32,-63.0,63.0
47_33,-63.0,63.0
47_34,-64.0,64.0
47_35,-66.0,66.0
47_36,-61.0,61.0
47_37,-67.0,67.0
47_38,-66.0,66.0
47_39,-81.0,81.0
47_40,-83.0,83.0
47_41,-76.0,76.0
47_42,-78.0,78.0
47_43,-74.0,74.0
47_44,-62.0,62.0
47_45,-45.0,45.0
48_6,-34.0,34.0
48_7,-7.0,7.0
48_8,-14.0,14.0
48_9,-16.0,16.0
48_10,-24.0,24.0
48_11,-17.0,17.0
48_12,-18.0,18.0
48_13,-26.0,26.0
48_14,-17.0,17.0
48_15,-27.0,27.0
48_16,-14.0,14.0
48_17,-14.0,14.0
48_18,-10.0,10.0
48_19,-20.0,20.0
48_20,-16.0,16.0
48_21,-22.0,22.0
48_22,-27.0,27.0
48_23,-21.0,21.0
48_24,-25.0,25.0
48_25,-43.0,43.0
48_26,-31.0,31.0
48_27,-35.0,35.0
48_28,-38.0,38.0
48_29,-53.0,53.0
48_30,-55.0,55.0
48_31,-62.0,62.0
48_32,-67.0,67.0
48_33,-71.0,71.0
48_34,-70.0,70.0
48_35,-66.0,66.0
48_36,-66.0,66.0
48_37,-80.0,80.0
48_38,-79.0,79.0
48_39,-83.0,83.0
48_40,-76.0,76.0
48_41,-73.0,73.0
48_42,-70.0,70.0
48_43,-63.0,63.0
48_44,-56.0,56.0
48_45,-48.0,48.0
49_7,-10.0,10.0
49_8,-14.0,14.0
49_9,-9.0,9.0
49_10,-20.0,20.0
49_11,-14.0,14.0
49_12,-14.0,14.0
49_13,-25.0,25.0
49_14,-19.0,19.0
49_15,-9.0,9.0
49_16,-8.0,8.0
49_17,-9.0,9.0
49_18,-15.0,15.0
49_19,-18.0,18.0
49_20,-22.0,22.0
49_21,-33.0,33.0
49_22,-22.0,22.0
49_23,-34.0,34.0
49_24,-34.0,34.0
49_25,-39.0,39.0
49_26,-48.0,48.0
49_27,-51.0,51.0
49_28,-51.0,51.0
49_29,-52.0,52.0
49_30,-55.0,55.0
49_31,-64.0,64.0
49_32,-49.0,49.0
49_33,-75.0,75.0
49_34,-70.0,70.0
49_35,-76.0,76.0
49_36,-53.0,53.0
49_37,-77.0,77.0
49_38,-74.0,74.0
49_39,-77.0,77.0
49_40,-77.0,77.0
49_41,-73.0,73.0
49_42,-73.0,73.0
49_43,-51.0,51.0
49_44,-50.0,50.0
50_10,-13.0,13.0
50_11,-14.0,14.0
50_12,-13.0,13.0
50_13,-12.0,12.0
50_14,-6.0,6.0
50_15,-7.0,7.0
50_16,-8.0,8.0
50_17,-11.0,11.0
50_18,-18.0,18.0
50_19,-17.0,17.0
50_20,-22.0,22.0
50_21,-34.0,34.0
50_22,-22.0,22.0
50_23,-38.0,38.0
50_24,-41.0,41.0
50_25,-19.0,19.0
50_26,-48.0,48.0
50_27,-49.0,49.0
50_28,-37.0,37.0
50_29,-38.0,38.0
50_30,-61.0,61.0
50_31,-67.0,67.0
50_32,-77.0,77.0
50_33,-72.0,72.0
50_34,-80.0,80.0
50_35,-76.0,76.0
50_36,-67.0,67.0
50_37,-72.0,72.0
50_38,-72.0,72.0
50_39,-75.0,75.0
50_40,-74.0,74.0
50_41,-70.0,70.0
50_42,-10.0,10.0
50_43,-16.0,16.0
51_7,-16.0,16.0
51_8,-19.0,19.0
51_9,-13.0,13.0
51_10,-15.0,15.0
51_11,-12.0,12.0
51_12,-14.0,14.0
51_13,-16.0,16.0
51_14,-10.0,10.0
51_15,-12.0,12.0
51_16,-14.0,14.0
51_17,-16.0,16.0
51_18,-22.0,22.0
51_19,-23.0,23.0
51_20,-17.0,17.0
51_21,-28.0,28.0
51_22,-32.0,32.0
51_23,-41.0,41.0
51_24,-38.0,38.0
51_25,-38.0,38.0
51_26,-48.0,48.0
51_27,-52.0,52.0
51_28,-43.0,43.0
51_29,-48.0,48.0
51_30,-63.0,63.0
51_31,-69.0,69.0
51_32,-72.0,72.0
51_33,-76.0,76.0
51_34,-76.0,76.0
51_35,-72.0,72.0
51_36,-72.0,72.0
51_37,-63.0,63.0
51_38,-70.0,70.0
51_39,-63.0,63.0
51_40,-62.0,62.0
51_41,-45.0,45.0
52_7,-1.0,1.0
52_8,-9.0,9.0
52_9,-8.0,8.0
52_10,-8.0,8.0
52_11,-12.0,12.0
52_12,-13.0,13.0
52_13,-16.0,16.0
52_14,-13.0,13.0
52_15,-18.0,18.0
52_16,-22.0,22.0
52_17,-19.0,19.0
52_18,-25.0,25.0
52_19,-22.0,22.0
52_20,-19.0,19.0
52_21,-24.0,24.0
52_22,-16.0,16.0
52_23,-37.0,37.0
52_24,-48.0,48.0
52_25,-49.0,49.0
52_26,-54.0,54.0
52_27,-36.0,36.0
52_28,-47.0,47.0
52_29,-59.0,59.0
52_30,-70.0,70.0
52_31,-71.0,71.0
52_32,-78.0,78.0
52_33,-75.0,75.0
52_34,-68.0,68.0
52_35,-79.0,79.0
52_36,-81.0,81.0
52_37,-70.0,70.0
52_38,-75.0,75.0
52_39,-64.0,64.0
52_40,-45.0,45.0
53_7,-3.0,3.0
53_8,-9.0,9.0
53_9,-3.0,3.0
53_10,-9.0,9.0
53_11,-12.0,12.0
53_12,-9.0,9.0
53_13,-15.0,15.0
53_14,-18.0,18.0
53_15,-20.0,20.0
53_16,-20.0,20.0
53_17,-18.0,18.0
53_18,-28.0,28.0
53_19,-17.0,17.0
53_20,-22.0,22.0
53_21,-23.0,23.0
53_22,-35.0,35.0
53_23,-21.0,21.0
53_24,-26.0,26.0
53_25,-27.0,27.0
53_26,-38.0,38.0
53_27,-47.0,47.0
53_28,-59.0,59.0
53_29,-68.0,68.0
53_30,-71.0,71.0
53_31,-72.0,72.0
53_32,-71.0,71.0
53_33,-69.0,69.0
53_34,-71.0,71.0
53_35,-73.0,73.0
53_36,-80.0,80.0
53_37,-72.0,72.0
53_38,-70.0,70.0
53_39,-67.0,67.0
53_40,-29.0,29.0
54_7,-3.0,3.0
54_8,-10.0,10.0
54_9,-5.0,5.0
54_10,-10.0,10.0
54_11,-6.0,6.0
54_12,-3.0,3.0
54_13,-12.0,12.0
54_14,-17.0,17.0
54_15,-22.0,22.0
54_16,-23.0,23.0
54_17,-23.0,23.0
54_18,-26.0,26.0
54_19,-23.0,23.0
54_20,-26.0,26.0
54_21,-22.0,22.0
54_22,-31.0,31.0
54_23,-32.0,32.0
54_24,-45.0,45.0
54_25,-54.0,54.0
54_26,-45.0,45.0
54_27,-46.0,46.0
54_28,-71.0,71.0
54_29,-67.0,67.0
54_30,-73.0,73.0
54_31,-74.0,74.0
54_32,-67.0,67.0
54_33,-63.0,63.0
54_34,-69.0,69.0
54_35,-81.0,81.0
54_36,-73.0,73.0
54_37,-75.0,75.0
54_38,-75.0,75.0
54_39,-17.0,17.0
55_7,-4.0,4.0
55_8,-8.0,8.0
55_9,-3.0,3.0
55_10,-7.0,7.0
55_11,-7.0,7.0
55_12,-3.0,3.0
55_13,-11.0,11.0
55_14,-9.0,9.0
55_15,-18.0,18.0
55_16,-22.0,22.0
55_17,-18.0,18.0
55_18,-21.0,21.0
55_19,-20.0,20.0
55_20,-27.0,27.0
55_21,-24.0,24.0
55_22,-28.0,28.0
55_23,-23.0,23.0
55_24,-48.0,48.0
55_25,-56.0,56.0
55_26,-58.0,58.0
55_27,-67.0,67.0
55_28,-65.0,65.0
55_29,-71.0,71.0
55_30,-72.0,72.0
55_31,-80.0,80.0
55_32,-27.0,27.0
55_33,-74.0,74.0
55_34,-78.0,78.0
55_35,-79.0,79.0
55_36,-82.0,82.0
55_37,-31.0,31.0
55_38,-57.0,57.0
55_39,-32.0,32.0
56_7,-3.0,3.0
56_8,-1.0,1.0
56_9,-1.0,1.0
56_10,-10.0,10.0
56_11,-8.0,8.0
56_12,-11.0,11.0
56_13,-11.0,11.0
56_14,-14.0,14.0
56_15,-19.0,19.0
56_16,-21.0,21.0
56_17,-17.0,17.0
56_18,-15.0,15.0
56_19,-18.0,18.0
56_20,-19.0,19.0
56_21,-21.0,21.0
56_22,-23.0,23.0
56_23,-23.0,23.0
56_24,-33.0,33.0
56_25,-49.0,49.0
56_26,-41.0,41.0
56_27,-67.0,67.0
56_28,-70.0,70.0
56_29,-65.0,65.0
56_30,-70.0,70.0
56_31,-74.0,74.0
56_32,-71.0,71.0
56_33,-80.0,80.0
56_34,-81.0,81.0
56_35,-77.0,77.0
56_36,-18.0,18.0
56_37,-20.0,20.0
56_38,-43.0,43.0
57_7,-2.0,2.0
57_8,-1.0,1.0
57_9,-1.0,1.0
57_10,-18.0,18.0
57_11,-6.0,6.0
57_12,-4.0,4.0
57_13,-15.0,15.0
57_14,-17.0,17.0
57_15,-19.0,19.0
57_16,-21.0,21.0
57_17,-23.0,23.0
57_18,-18.0,18.0
57_19,-21.0,21.0
57_20,-26.0,26.0
57_21,-27.0,27.0
57_22,-28.0,28.0
57_23,-32.0,32.0
57_24,-37.0,37.0
57_25,-50.0,50.0
57_26,-41.0,41.0
57_27,-64.0,64.0
57_28,-71.0,71.0
57_29,-41.0,41.0
57_30,-45.0,45.0
57_31,-77.0,77.0
57_32,-76.0,76.0
57_33,-88.0,88.0
57_34,-79.0,79.0
57_35,-90.0,90.0
57_36,-12.0,12.0
57_37,-43.0,43.0
57_38,-29.0,29.0
58_7,-5.0,5.0
58_8,-30.0,30.0
58_9,-4.0,4.0
58_10,-5.0,5.0
58_11,-2.0,2.0
58_12,-12.0,12.0
58_13,-16.0,16.0
58_14,-18.0,18.0
58_15,-19.0,19.0
58_16,-17.0,17.0
58_17,-26.0,26.0
58_18,-27.0,27.0
58_19,-24.0,24.0
58_20,-29.0,29.0
58_21,-35.0,35.0
58_22,-23.0,23.0
58_23,-27.0,27.0
58_24,-31.0,31.0
58_25,-49.0,49.0
58_26,-57.0,57.0
58_27,-65.0,65.0
58_28,-68.0,68.0
58_29,-70.0,70.0
58_30,-74.0,74.0
58_31,-81.0,81.0
58_32,-84.0,84.0
58_33,-90.0,90.0
58_34,-82.0,82.0
58_35,-75.0,75.0
58_36,-10.0,10.0
58_37,-28.0,28.0
58_38,-42.0,42.0
59_7,-1.0,1.0
59_8,-5.0,5.0
59_9,-3.0,3.0
59_10,-15.0,15.0
59_11,-12.0,12.0
59_12,-11.0,11.0
59_13,-18.0,18.0
59_14,-14.0,14.0
59_15,-20.0,20.0
59_16,-24.0,24.0
59_17,-25.0,25.0
59_18,-30.0,30.0
59_19,-27.0,27.0
59_20,-26.0,26.0
59_21,-27.0,27.0
59_22,-30.0,30.0
59_23,-30.0,30.0
59_24,-38.0,38.0
59_25,-48.0,48.0
59_26,-64.0,64.0
59_27,-67.0,67.0
59_28,-70.0,70.0
59_29,-75.0,75.0
59_30,-78.0,78.0
59_31,-85.0,85.0
59_32,-91.0,91.0
59_33,-87.0,87.0
59_34,-80.0,80.0
59_35,-68.0,68.0
59_36,-22.0,22.0
60_6,-5.0,5.0
60_7,-1.0,1.0
60_8,-4.0,4.0
60_9,-14.0,14.0
60_10,-15.0,15.0
60_11,-11.0,11.0
60_12,-19.0,19.0
60_13,-9.0,9.0
60_14,-9.0,9.0
60_15,-15.0,15.0
60_16,-24.0,24.0
60_17,-25.0,25.0
60_18,-22.0,22.0
60_19,-27.0,27.0
60_20,-24.0,24.0
60_21,-36.0,36.0
60_22,-32.0,32.0
60_23,-32.0,32.0
60_24,-44.0,44.0
60_25,-38.0,38.0
60_26,-64.0,64.0
60_27,-71.0,71.0
60_28,-72.0,72.0
60_29,-73.0,73.0
60_30,-80.0,80.0
60_31,-85.0,85.0
60_32,-88.0,88.0
60_33,-77.0,77.0
60_34,-48.0,48.0
60_35,-3.0,3.0
61_6,-2.0,2.0
61_8,-2.0,2.0
61_9,-11.0,11.0
61_10,-11.0,11.0
61_11,-10.0,10.0
61_12,-15.0,15.0
61_13,-17.0,17.0
61_14,-5.0,5.0
61_15,-13.0,13.0
61_16,-18.0,18.0
61_17,-27.0,27.0
61_18,-31.0,31.0
61_19,-29.0,29.0
61_20,-25.0,25.0
61_21,-26.0,26.0
61_22,-38.0,38.0
61_23,-39.0,39.0
61_24,-38.0,38.0
61_25,-47.0,47.0
61_26,-69.0,69.0
61_27,-74.0,74.0
61_28,-72.0,72.0
61_29,-78.0,78.0
61_30,-80.0,80.0
61_31,-87.0,87.0
61_32,-84.0,84.0
61_33,-50.0,50.0
61_34,-36.0,36.0
61_35,-10.0,10.0
62_6,-4.0,4.0
62_8,-1.0,1.0
62_9,-5.0,5.0
62_10,-14.0,14.0
62_11,-12.0,12.0
62_12,-12.0,12.0
62_13,-15.0,15.0
62_14,-8.0,8.0
62_15,-15.0,15.0
62_16,-22.0,22.0
62_17,-22.0,22.0
62_18,-33.0,33.0
62_19,-35.0,35.0
62_20,-23.0,23.0
62_21,-32.0,32.0
62_22,-29.0,29.0
62_23,-47.0,47.0
62_24,-49.0,49.0
62_25,-63.0,63.0
62_26,-69.0,69.0
62_27,-74.0,74.0
62_28,-72.0,72.0
62_29,-78.0,78.0
62_30,-84.0,84.0
62_31,-89.0,89.0
62_32,-73.0,73.0
62_33,-40.0,40.0
62_34,-46.0,46.0
62_35,-19.0,19.0
63_8,-1.0,1.0
63_9,-5.0,5.0
63_10,-13.0,13.0
63_11,-17.0,17.0
63_12,-19.0,19.0
63_13,-18.0,18.0
63_14,-18.0,18.0
63_15,-14.0,14.0
63_16,-27.0,27.0
63_17,-25.0,25.0
63_18,-22.0,22.0
63_19,-24.0,24.0
63_20,-25.0,25.0
63_21,-28.0,28.0
63_22,-26.0,26.0
63_23,-48.0,48.0
63_24,-34.0,34.0
63_25,-63.0,63.0
63_26,-71.0,71.0
63_27,-76.0,76.0
63_28,-80.0,80.0
63_29,-85.0,85.0
63_30,-91.0,91.0
63_31,-90.0,90.0
63_32,-65.0,65.0
63_33,-3.0,3.0
63_34,-14.0,14.0
63_35,-36.0,36.0
64_8,-1.0,1.0
64_9,-7.0,7.0
64_10,-8.0,8.0
64_11,-13.0,13.0
64_12,-14.0,14.0
64_13,-21.0,21.0
64_14,-15.0,15.0
64_15,-15.0,15.0
64_16,-20.0,20.0
64_17,-23.0,23.0
64_18,-32.0,32.0
64_19,-28.0,28.0
64_20,-25.0,25.0
64_21,-32.0,32.0
64_22,-25.0,25.0
64_23,-48.0,48.0
64_24,-42.0,42.0
64_25,-65.0,65.0
64_26,-70.0,70.0
64_27,-78.0,78.0
64_28,-77.0,77.0
64_29,-87.0,87.0
64_30,-86.0,86.0
64_31,-80.0,80.0
64_32,-55.0,55.0
64_34,-43.0,43.0
64_35,-45.0,45.0
65_7,-2.0,2.0
65_9,-9.0,9.0
65_10,-8.0,8.0
65_11,-15.0,15.0
65_12,-17.0,17.0
65_13,-23.0,23.0
65_14,-21.0,21.0
65_15,-15.0,15.0
65_16,-16.0,16.0
65_17,-18.0,18.0
65_18,-23.0,23.0
65_19,-23.0,23.0
65_20,-28.0,28.0
65_21,-33.0,33.0
65_22,-40.0,40.0
65_23,-47.0,47.0
65_24,-42.0,42.0
65_25,-64.0,64.0
65_26,-71.0,71.0
65_27,-78.0,78.0
65_28,-81.0,81.0
65_29,-89.0,89.0
65_30,-86.0,86.0
65_31,-68.0,68.0
65_32,-60.0,60.0
65_33,-35.0,35.0
65_34,-42.0,42.0
65_35,-21.0,21.0
66_10,-5.0,5.0
66_11,-9.0,9.0
66_12,-16.0,16.0
66_13,-20.0,20.0
66_14,-20.0,20.0
66_15,-22.0,22.0
66_16,-15.0,15.0
66_17,-19.0,19.0
66_18,-23.0,23.0
66_20,-29.0,29.0
66_21,-34.0,34.0
66_22,-45.0,45.0
66_23,-50.0,50.0
66_24,-57.0,57.0
66_25,-65.0,65.0
66_26,-67.0,67.0
66_27,-78.0,78.0
66_28,-80.0,80.0
66_29,-87.0,87.0
66_30,-79.0,79.0
66_31,-60.0,60.0
66_32,-55.0,55.0
66_33,-41.0,41.0
66_34,-27.0,27.0
66_35,-7.0,7.0
67_8,-1.0,1.0
67_9,-4.0,4.0
67_10,-1.0,1.0
67_11,-8.0,8.0
67_12,-8.0,8.0
67_13,-17.0,17.0
67_14,-21.0,21.0
67_15,-26.0,26.0
67_16,-25.0,25.0
67_17,-15.0,15.0
67_18,-22.0,22.0
67_19,-29.0,29.0
67_20,-38.0,38.0
67_21,-39.0,39.0
67_22,-40.0,40.0
67_23,-52.0,52.0
67_24,-52.0,52.0
67_25,-54.0,54.0
67_26,-66.0,66.0
67_27,-76.0,76.0
67_28,-83.0,83.0
67_29,-91.0,91.0
67_30,-88.0,88.0
67_31,-67.0,67.0
67_32,-46.0,46.0
67_33,-34.0,34.0
67_34,-36.0,36.0
67_35,-3.0,3.0
68_8,-1.0,1.0
68_9,-1.0,1.0
68_12,-6.0,6.0
68_13,-10.0,10.0
68_14,-18.0,18.0
68_15,-20.0,20.0
68_16,-23.0,23.0
68_17,-22.0,22.0
68_18,-19.0,19.0
68_19,-26.0,26.0
68_20,-26.0,26.0
68_21,-30.0,30.0
68_22,-39.0,39.0
68_23,-49.0,49.0
68_24,-46.0,46.0
68_25,-56.0,56.0
68_26,-52.0,52.0
68_27,-59.0,59.0
68_28,-34.0,34.0
68_29,-47.0,47.0
68_30,-45.0,45.0
68_31,-28.0,28.0
68_32,-34.0,34.0
68_33,-23.0,23.0
69_13,-8.0,8.0
69_14,-10.0,10.0
69_15,-21.0,21.0
69_16,-23.0,23.0
69_17,-23.0,23.0
69_18,-23.0,23.0
69_19,-21.0,21.0
69_20,-25.0,25.0
69_21,-26.0,26.0
69_22,-42.0,42.0
69_23,-48.0,48.0
69_24,-55.0,55.0
69_25,-52.0,52.0
69_26,-26.0,26.0
69_27,-58.0,58.0
69_28,-85.0,85.0
69_29,-87.0,87.0
69_30,-15.0,15.0
69_31,-3.0,3.0
69_32,-6.0,6.0
69_33,-27.0,27.0
70_13,-1.0,1.0
70_14,-6.0,6.0
70_15,-12.0,12.0
70_16,-15.0,15.0
70_17,-24.0,24.0
70_18,-24.0,24.0
70_19,-20.0,20.0
70_20,-21.0,21.0
70_21,-26.0,26.0
70_22,-37.0,37.0
70_23,-44.0,44.0
70_24,-53.0,53.0
70_25,-58.0,58.0
70_26,-70.0,70.0
70_27,-72.0,72.0
70_28,-85.0,85.0
70_29,-84.0,84.0
70_30,-89.0,89.0
70_31,-67.0,67.0
70_32,-29.0,29.0
71_14,-8.0,8.0
71_15,-7.0,7.0
71_16,-15.0,15.0
71_17,-22.0,22.0
71_18,-28.0,28.0
71_19,-26.0,26.0
71_20,-27.0,27.0
71_21,-25.0,25.0
71_22,-31.0,31.0
71_23,-43.0,43.0
71_24,-51.0,51.0
71_25,-56.0,56.0
71_26,-68.0,68.0
71_27,-74.0,74.0
71_28,-80.0,80.0
71_29,-80.0,80.0
71_30,-81.0,81.0
71_31,-57.0,57.0
71_32,-31.0,31.0
72_15,-18.0,18.0
72_16,-9.0,9.0
72_17,-14.0,14.0
72_18,-20.0,20.0
72_19,-27.0,27.0
72_20,-23.0,23.0
72_21,-27.0,27.0
72_22,-31.0,31.0
72_23,-39.0,39.0
72_24,-44.0,44.0
72_25,-50.0,50.0
72_26,-68.0,68.0
72_27,-72.0,72.0
72_28,-82.0,82.0
72_29,-81.0,81.0
72_30,-74.0,74.0
72_31,-71.0,71.0
72_32,-26.0,26.0
72_33,-2.0,2.0
73_16,-21.0,21.0
73_17,-11.0,11.0
73_18,-14.0,14.0
73_19,-20.0,20.0
73_20,-20.0,20.0
73_21,-20.0,20.0
73_22,-28.0,28.0
73_23,-37.0,37.0
73_24,-42.0,42.0
73_25,-35.0,35.0
73_26,-57.0,57.0
73_27,-76.0,76.0
73_28,-74.0,74.0
73_29,-81.0,81.0
73_30,-76.0,76.0
73_31,-58.0,58.0
73_32,-20.0,20.0
73_33,-10.0,10.0
74_17,-8.0,8.0
74_18,-14.0,14.0
74_19,-18.0,18.0
74_20,-20.0,20.0
74_21,-19.0,19.0
74_22,-23.0,23.0
74_23,-34.0,34.0
74_24,-41.0,41.0
74_25,-49.0,49.0
74_27,-34.0,34.0
74_28,-75.0,75.0
74_29,-78.0,78.0
74_30,-80.0,80.0
74_31,-45.0,45.0
74_32,-15.0,15.0
74_33,-7.0,7.0
74_34,-11.0,11.0
75_18,-10.0,10.0
75_19,-16.0,16.0
75_20,-23.0,23.0
75_21,-17.0,17.0
75_22,-20.0,20.0
75_23,-22.0,22.0
75_24,-36.0,36.0
75_25,-34.0,34.0
75_26,-54.0,54.0
75_27,-69.0,69.0
75_28,-82.0,82.0
75_29,-74.0,74.0
75_31,-61.0,61.0
75_32,-10.0,10.0
75_33,-5.0,5.0
75_34,-6.0,6.0
76_19,-9.0,9.0
76_20,-18.0,18.0
76_21,-23.0,23.0
76_22,-22.0,22.0
76_23,-21.0,21.0
76_24,-25.0,25.0
76_25,-48.0,48.0
76_26,-57.0,57.0
76_27,-74.0,74.0
76_28,-73.0,73.0
76_29,-102.0,102.0
76_30,-53.0,53.0
76_31,-46.0,46.0
76_32,-5.0,5.0
76_33,-2.0,2.0
76_34,-24.0,24.0
76_35,-2.0,2.0
77_20,-39.0,39.0
77_21,-18.0,18.0
77_22,-24.0,24.0
77_23,-28.0,28.0
77_24,-31.0,31.0
77_25,-41.0,41.0
77_26,-53.0,53.0
77_27,-69.0,69.0
77_28,-77.0,77.0
77_29,-44.0,44.0
77_30,-18.0,18.0
77_31,-47.0,47.0
77_32,-5.0,5.0
77_33,-7.0,7.0
77_35,-18.0,18.0
78_21,-10.0,10.0
78_22,-14.0,14.0
78_23,-22.0,22.0
78_24,-33.0,33.0
78_25,-39.0,39.0
78_26,-48.0,48.0
78_27,-60.0,60.0
78_28,-73.0,73.0
78_29,-76.0,76.0
78_30,-72.0,72.0
78_31,-58.0,58.0
78_32,-6.0,6.0
78_33,-4.0,4.0
78_35,-6.0,6.0
79_23,-12.0,12.0
79_24,-24.0,24.0
79_25,-38.0,38.0
79_26,-43.0,43.0
79_27,-57.0,57.0
79_28,-71.0,71.0
79_29,-81.0,81.0
79_30,-74.0,74.0
79_31,-68.0,68.0
79_32,-37.0,37.0
79_33,-6.0,6.0
79_36,-2.0,2.0
80_23,-6.0,6.0
80_24,-17.0,17.0
80_25,-30.0,30.0
80_26,-40.0,40.0
80_27,-45.0,45.0
80_28,-67.0,67.0
80_29,-82.0,82.0
80_30,-77.0,77.0
80_31,-70.0,70.0
80_32,-43.0,43.0
80_33,-26.0,26.0
80_34,-9.0,9.0
80_37,-1.0,1.0
81_24,-9.0,9.0
81_25,-22.0,22.0
81_26,-38.0,38.0
81_27,-43.0,43.0
81_28,-60.0,60.0
81_29,-79.0,79.0
81_30,-80.0,80.0
81_31,-69.0,69.0
81_32,-47.0,47.0
81_33,-34.0,34.0
81_34,-29.0,29.0
81_37,-25.0,25.0
81_38,-4.0,4.0
82_25,-8.0,8.0
82_26,-23.0,23.0
82_27,-44.0,44.0
82_28,-42.0,42.0
82_29,-77.0,77.0
82_30,-88.0,88.0
82_31,-74.0,74.0
82_32,-55.0,55.0
82_33,-54.0,54.0
82_34,-39.0,39.0
82_35,-23.0,23.0
82_38,-3.0,3.0
83_25,-8.0,8.0
83_26,-15.0,15.0
83_27,-32.0,32.0
83_28,-47.0,47.0
83_29,-68.0,68.0
83_30,-91.0,91.0
83_31,-73.0,73.0
83_32,-65.0,65.0
83_33,-56.0,56.0
83_34,-43.0,43.0
83_38,-11.0,11.0
84_27,-11.0,11.0
84_28,-44.0,44.0
84_29,-47.0,47.0
84_30,-89.0,89.0
84_31,-94.0,94.0
84_32,-84.0,84.0
84_33,-67.0,67.0
84_34,-58.0,58.0
84_35,-43.0,43.0
84_39,-8.0,8.0
85_29,-6.0,6.0
85_30,-56.0,56.0
85_31,-97.0,97.0
85_32,-85.0,85.0
85_33,-86.0,86.0
85_34,-76.0,76.0
85_35,-56.0,56.0
85_36,-56.0,56.0
85_39,-12.0,12.0
85_40,-1.0,1.0
86_30,-33.0,33.0
86_31,-73.0,73.0
86_32,-96.0,96.0
86_33,-90.0,90.0
86_34,-81.0,81.0
86_35,-70.0,70.0
86_36,-35.0,35.0
86_37,-24.0,24.0
86_39,-16.0,16.0
86_40,-4.0,4.0
87_23,-132.0,132.0
87_24,-13.0,13.0
87_32,-90.0,90.0
87_33,-88.0,88.0
87_34,-76.0,76.0
87_35,-72.0,72.0
87_36,-63.0,63.0
87_38,-26.0,26.0
87_39,-14.0,14.0
87_40,-7.0,7.0
88_15,-34.0,34.0
88_16,-45.0,45.0
88_17,-55.0,55.0
88_18,-62.0,62.0
88_19,-69.0,69.0
88_20,-74.0,74.0
88_21,-75.0,75.0
88_22,-78.0,78.0
88_23,-76.0,76.0
88_24,-53.0,53.0
88_25,-41.0,41.0
88_26,-44.0,44.0
88_27,-203.0,203.0
88_28,-2.0,2.0
88_30,-26.0,26.0
88_32,-73.0,73.0
88_33,-96.0,96.0
88_34,-79.0,79.0
88_35,-70.0,70.0
88_36,-64.0,64.0
88_37,-58.0,58.0
88_38,-28.0,28.0
88_40,-2.0,2.0
89_12,-8.0,8.0
89_13,-30.0,30.0
89_14,-10.0,10.0
89_15,-62.0,62.0
89_16,-92.0,92.0
89_17,-126.0,126.0
89_18,-131.0,131.0
89_19,-126.0,126.0
89_20,-111.0,111.0
89_21,-97.0,97.0
89_22,-87.0,87.0
89_23,-85.0,85.0
89_24,-91.0,91.0
89_25,-86.0,86.0
89_26,-87.0,87.0
89_27,-86.0,86.0
89_28,-90.0,90.0
89_29,-67.0,67.0
89_30,-100.0,100.0
89_31,-95.0,95.0
89_32,-161.0,161.0
89_33,-63.0,63.0
89_34,-76.0,76.0
89_35,-62.0,62.0
89_36,-59.0,59.0
89_37,-41.0,41.0
89_38,-32.0,32.0
89_39,-13.0,13.0
89_40,-1.0,1.0
